emp_id,emp_name,no_of_skills
E001,Sharon Burns,2
E002,Hannah Sanchez,1
E003,Larry Waters,1
E005,John Cook,2
E006,Keith Webb,2
E007,John Compton,1
E008,Nicholas Miller,1
E009,Alisha Brown,2
E010,Kelly Taylor,2
E012,Angela West,3
E013,Stephanie Martinez,1
E014,Catherine Jones,1
E015,Kelly Suarez,1
E016,Adam Mccoy,2
E017,Travis Moore,4
E018,Patrick Little,2
E019,Alexandria Smith,1
E020,Aaron Miller,2
E021,Laura Clarke,1
E024,Ryan Mullins,1
E025,Tara Robertson,1
E026,Heather Park,3
E027,Jesus Davies,1
E028,Barry Johnson,2
E029,Felicia Case,3
E030,Dylan Beard,3
E032,David Taylor,2
E034,Larry Chen,1
E036,Andrea Johnson,1
E039,Audrey Sanchez,2
E045,Jason Cooper,2
E046,Daniel Shelton,1
E047,Mary Hodge,2
E048,Frederick Leach,1
E050,Kathryn Dunn,2
E054,Kelly Cuevas,2
E057,Stephen Hartman,2
E060,Daniel Richards,4
E061,Sarah Nichols,2
E066,Marcus Griffin,2
E068,Dustin Erickson,1
E069,Jared Stevenson,2
E070,Melanie Gonzalez,1
E072,Donald Velez,1
E074,Kristen Jacobs,2
E075,Stephen Glass,2
E076,Matthew Roy,1
E078,Meredith Stuart,1
E083,Joseph Ball,1
E085,Thomas Walker,1
E086,Dr. Sarah Martinez,2
E087,Sara Price,2
E088,Fred Figueroa,2
E089,Nathan Warren,4
E094,Aaron Brooks,1
E095,Lisa Steele,2
E098,Matthew Perry,2
E099,Jeff Smith,1
E100,William Sanchez,1
E1000,Ashley Swanson,1
E1001,Lauren Williams,2
E1002,Rebecca Acosta,1
E1003,Dawn Campos,1
E1004,Rebecca Gomez,1
E1005,Crystal Gallagher,1
E1008,Lisa Decker,2
E1010,Elizabeth Walsh,2
E1011,Joel Patrick,2
E1013,Andrea Fisher,1
E1015,Chelsea Nguyen,1
E1016,Paul Peterson,2
E1017,Amy Bennett,1
E1020,Lynn Williams,1
E1021,Joseph Hendricks,1
E1023,Dylan Shepherd,1
E1024,Karla Hawkins,1
E1027,John Walters,2
E1029,Anthony Pace,2
E103,Frank Johnston,1
E1030,Jacqueline Jones,1
E1031,Valerie West,2
E1032,Reginald Mccullough,1
E1035,James Nguyen,3
E1036,Katie Gould,2
E1037,Kimberly Malone,1
E1038,Angela Lyons,4
E1039,Laura Blackwell,1
E1040,Harold Duncan,1
E1041,Michael Hatfield,4
E1042,Jessica Davis,1
E1045,Cathy Dunn,1
E1048,Jamie Blanchard,1
E1049,Renee Lewis,1
E1050,Glenn Todd,1
E1051,Ronald Wall,1
E1052,Kimberly Jackson,1
E1054,Harry Sosa,1
E1055,Amy Rogers,3
E1056,Sarah Brady,4
E1059,Christopher Osborne,1
E106,Sean Chavez,3
E1061,Mrs. Michelle Dean MD,2
E1062,Jonathan Cardenas,1
E1063,Mary Stafford,1
E1064,Adam Bradford,1
E1067,Kyle Hill,1
E107,Richard Pittman,3
E1073,William Adams,1
E1074,Catherine Ryan,1
E1075,Timothy Johnson,2
E1076,Stephanie Green,2
E1077,Michael Vega,1
E1078,Tony Brewer,1
E1079,John Smith,2
E108,Francisco Brown,2
E1080,Kristi Stewart,1
E1081,Timothy Horne,2
E1083,Pamela Scott,1
E1084,Valerie Nguyen,2
E1085,Roy Jarvis,2
E1089,Mckenzie Hammond,1
E109,Kevin Lopez,3
E1092,Katie Cameron,1
E1094,Robert Bond,2
E1095,Lori Williams,1
E1096,Christina Jacobs,3
E1097,Paul Myers,3
E110,Laura Medina,1
E1100,Margaret Kennedy,2
E1102,Molly Rodriguez,2
E1103,Gary Evans,4
E1104,Debbie Robinson,4
E1106,Briana Santos,2
E1107,Walter Griffin,3
E1108,Martin Ashley,1
E1111,Joseph Pena II,3
E1112,Ashley Sanchez,1
E1113,John Stokes,2
E1114,Jody Wu,3
E1115,Michael Preston,2
E1116,James Harrison,1
E1117,Katelyn Austin,1
E1118,Emily Kelly,1
E1119,Michael Gaines,2
E112,Tiffany Morton,1
E1121,Dawn Fischer,3
E1122,Julie Williams,1
E1123,James Washington,2
E1124,Gregory Douglas,1
E1126,Anthony Horton,3
E1127,Elizabeth Marquez,2
E1128,Sarah Snyder,3
E1129,Rebecca Schultz,2
E113,Ethan Cruz,1
E1130,Patricia Armstrong,2
E1131,Cindy Gordon,1
E1132,Brandon Cook,1
E1133,Francisco Harris,2
E1134,Thomas Bell,2
E1135,Dr. Donna Johnson MD,2
E1136,Emily Ramirez,2
E1138,Barbara Travis,1
E1139,Samuel Graham,3
E114,Eric Black,1
E1140,Zachary Lopez,2
E1141,Mr. Bradley Lyons,3
E1142,Maria Moran,1
E1143,Michael Cruz,1
E1144,Audrey Tucker,4
E1147,Eric Davis,1
E115,Jose Chase,1
E1150,Matthew Donovan,1
E1151,Melissa Lopez,2
E1152,Allen Price,1
E1155,Angela Thomas,2
E1156,Amy Martinez,2
E1157,Yvette Weaver,3
E1158,Mary Crawford,2
E1159,Ernest Thomas,1
E116,Allison Bryant,1
E1160,Aimee Mendoza,1
E1161,Scott Ortiz,1
E1162,Victor Huerta,3
E1163,William King,2
E1165,Ryan Smith,1
E1166,Russell Hartman,2
E1167,Roger King,1
E1168,James Patterson,2
E1170,Michael Pacheco,1
E1171,Brandon Parks,1
E1175,Sarah Moon,1
E1176,Katherine Nguyen,2
E1177,Michael Carney,1
E1178,Chad Sherman,1
E118,Kenneth Harris,1
E1180,Susan Garcia,2
E1181,Jason Stephenson,2
E1183,Patricia Jackson,2
E1184,Toni Moreno,2
E1185,Nathan Rogers,1
E1186,Tina Cook,1
E1187,Sarah Weeks,2
E119,Nicolas Hogan,1
E1190,Kevin Goodman,4
E1191,Judith Baldwin,1
E1192,Casey Perez,1
E1194,Michelle Ayala,2
E1197,Aimee Murray,2
E1199,Taylor Smith,1
E1201,Timothy Johnston,1
E1203,Jacob Blackwell,3
E1204,Daniel Butler,1
E1205,Michael Thomas,2
E1206,Edwin Collins,2
E1208,Wayne Lang,2
E1209,Jeffrey Sosa,1
E121,Danielle Ingram,2
E1210,Donna Schneider,2
E1211,Joseph Parsons,1
E1212,Kendra White,1
E1213,Tiffany Kerr,1
E1214,Joseph Good,1
E1217,Christie Kim,1
E1221,Jacob Jennings,2
E1222,Jennifer Glass DDS,1
E1223,Victor Snyder,1
E1224,Christopher Joseph,1
E1225,Daniel Castillo,1
E1226,Jacob Murphy,1
E1228,Luis Nguyen,2
E1229,David Gill,1
E1233,Autumn Shepherd,2
E1235,Matthew Lawrence,1
E1236,Robert Valdez,1
E1239,Nicholas Chaney,2
E124,Timothy Wilson,1
E1240,Melissa Smith,3
E1241,Brittany Lynch,2
E1242,Jacob Romero,2
E1243,Christopher Glass,3
E1245,Mr. Christian Mason,1
E1246,Sandra Gross,1
E1248,Danielle Peterson,1
E1249,Kristen Matthews,1
E1250,James Pierce,3
E1251,Joseph Walker,1
E1252,Sarah Floyd,1
E1253,Alisha Wiley,2
E1254,David Moon,1
E1255,Danny Powell,1
E1256,Michelle Andersen,3
E1257,Ashley Holt,1
E1258,Christopher Avila,1
E1259,Mckenzie Reyes,3
E126,Mrs. Jamie Foley,1
E1261,Julie Wallace,2
E1262,Linda Bright,2
E1263,Sandra Smith,1
E1264,Dr. David Dickson MD,1
E1265,Jessica Soto,2
E127,Stephanie Brown,2
E1270,Danielle Odonnell,2
E1272,Robert Stevens,1
E1274,Justin Sanchez,2
E1276,Brandon Shah,1
E1277,Amy Rocha,1
E128,Michael Garcia,1
E1281,Heather Mcclure,1
E1282,Kirsten Campbell,2
E1283,Danielle Pierce,1
E1285,Paul Griffith,3
E1286,Mark Griffin,1
E1287,Michael Smith,4
E1288,Katrina Smith,1
E1289,Michael Gomez,2
E1290,Peter Little,1
E1291,Stephen Bell,2
E1293,Becky Rivera,1
E1294,Sara Roberts,4
E1295,Jason Thomas,1
E1296,James Martinez,2
E1298,Katrina Davis,2
E1299,Alyssa Johnson,2
E130,Mallory Taylor,1
E1300,Kimberly Davis,4
E1301,Mark Johnson,1
E1302,Alan James,1
E1303,Nathaniel Jones,3
E1304,Garrett Chapman,2
E1306,Anne Torres,4
E1307,Jennifer Gibson,1
E1308,Susan Miranda,1
E1309,Paul Wallace,3
E1313,Kristina Barry,3
E1314,Michael Russell,3
E1315,Jason Thompson,2
E1317,Kara Williams,1
E1318,Kristen Romero,2
E1320,Morgan Sherman,2
E1322,Erik Orozco DDS,1
E1323,Katherine Washington,1
E1326,Crystal Pineda,1
E1328,Andrew Simmons,1
E133,Darryl Torres,1
E1330,Sarah Washington,2
E1331,Robin Chen,4
E1332,Abigail Jones,2
E1333,Kevin Chapman,1
E1334,Kelly May,1
E1335,Ashley Johnson,1
E1336,Jennifer Baker,3
E1337,Andrew Martin,2
E1338,Walter Smith,1
E1339,Kathryn Perez,1
E134,Jon Conley,1
E1340,Ronnie Williams,1
E1342,Shane Fowler,1
E1343,Tamara Edwards,2
E1344,Barbara Barnett,1
E1345,George Peterson,1
E1346,Jonathan Smith,2
E1347,Victor Woods,2
E1349,Amanda Decker,1
E135,Joseph Collins,1
E1353,Melissa Fowler,5
E1356,Rita Andersen,2
E1357,Katherine Perez,1
E1358,Allison Salazar,3
E1359,Crystal Berry,2
E136,Roy Baker,1
E1360,Manuel Thompson,2
E1361,David Rose,3
E1362,Edward Johnston,1
E1363,Rebecca Kennedy,2
E1367,Adam Bennett,1
E1368,Jeffrey Wheeler,5
E137,Dawn Munoz,2
E1372,David Palmer,2
E1373,Valerie Johnson,1
E1374,William Ferrell,1
E1375,Robert Jackson,2
E1376,Charles Doyle,2
E1377,Jacob Nguyen,3
E1378,Bethany Peters,2
E1379,Meghan Smith,2
E138,Jodi Herring,2
E1380,Jessica Bryant,1
E1381,Adam Ramos,4
E1384,Rhonda Webb,1
E1385,Nathan Elliott,2
E139,Theresa Sutton,1
E1391,Megan Bell,1
E1392,Megan Nelson,1
E1393,Ashley Nichols,1
E1395,Warren Hahn,2
E1396,Ronald Henderson,1
E1397,Sandy Jacobs,2
E1398,Michael Hanson,2
E1399,Brandon Carter,2
E140,John Gregory,1
E1400,Douglas Miller,2
E1401,Victor Hunt,2
E1402,Allison Gallagher,2
E1403,Michael Garcia,1
E1404,Rebecca Fernandez,2
E1405,Janice Riley,1
E1406,Diane Robinson,1
E1407,Carlos Padilla,1
E1408,Dana Kelley,1
E1409,Ashley Klein MD,4
E1410,David Morales,2
E1411,Katherine Johnson,2
E1412,Gary Carlson,1
E1413,Ricardo Sullivan,5
E1414,Jose Johnson,3
E1416,Scott Jimenez,1
E1417,Pamela Wagner,1
E1418,Mathew Smith,1
E142,Robert Moore,1
E1420,Scott Payne,1
E1422,Anne Jennings,1
E1424,Gina Flores,2
E1425,Robert Schaefer,1
E1426,John Reid,2
E1427,John Gregory,3
E1428,John Jones,3
E1429,Jennifer Wade,1
E1430,Sharon Shepard,1
E1431,Steven Davis,3
E1432,Nicholas Long,2
E1433,Christopher Rivera,1
E1435,Shelly Fleming,1
E1436,Molly Jones,1
E1440,Michael Lucas,3
E1442,Nathaniel Hebert,1
E1443,Michelle Orozco,3
E1444,Laurie Yang,1
E1447,Nicole Vega,2
E145,Michael Roy,1
E1452,David Howard,2
E1453,Kevin West,2
E1454,Michael Estrada,1
E1455,Victoria Meyers,2
E1458,Daniel Carroll,1
E146,Andrew Glover,2
E1461,Christopher Smith,1
E1463,Christine Duran,1
E1464,Tyrone Delacruz,2
E1465,Justin Morgan,1
E1466,Dustin Ross,1
E1467,Joseph Davis,1
E1468,Marc Johnston,2
E147,Mark Baker,1
E1475,Marvin Williams,3
E1476,Kenneth Jimenez,2
E1478,Andrea Castro,4
E1479,Brandi Villarreal,2
E1481,Brenda Wilson,1
E1483,Kaitlyn Smith,1
E1485,Brittany Jacobs,1
E1487,Timothy Scott,1
E1488,Lisa Hill,2
E1489,Tiffany Phillips,2
E149,Whitney Brown,3
E1491,Julie Larson,1
E1492,Jesse Wagner,1
E1494,Matthew Odonnell,2
E1495,Joshua Scott,1
E1496,Frank Graham,2
E1497,Daniel Vega,1
E1499,Christopher Stewart,1
E1500,Sharon Cook,2
E1501,Jennifer Gomez,2
E1502,Jennifer Miller,2
E1506,Nicholas Rodriguez,1
E1507,Vernon Sullivan,3
E1508,Clifford Gill,1
E151,Sean Price,2
E1510,Amber Smith,4
E1511,Michael Martinez,1
E1512,Amanda Kelly,2
E1515,Connie Davis,2
E1516,James Johnson,1
E1517,Kimberly Smith,1
E1518,Steven Jennings,1
E1519,Shirley Rogers,1
E152,Mrs. Brenda Avila,1
E1521,Connie Carter,2
E1523,Toni Castro,1
E1525,Alexis Johnson,4
E1526,Katherine Aguilar,1
E1527,Sharon Richmond,2
E153,Luis Wilson,2
E1532,Kevin Jones,1
E1533,Amy Marks,1
E1534,Alyssa Foster,1
E1536,James Brooks,2
E1537,Eric Woodard,1
E1539,James Bond,1
E154,Bridget Brown,2
E1540,Carl Sullivan,1
E1544,Heather Wise,2
E1546,Kelli Booker,1
E1547,Mary Hughes,1
E1548,Cheryl Miller,2
E1549,Stacie Turner,1
E155,Dana Clayton,2
E1550,Gregory Hall,1
E1551,Michael Hayes,1
E1552,David Drake,1
E1558,Kristen Castillo,4
E1559,David Davis DDS,2
E1567,Pamela Michael,3
E1568,Amy Gonzales,2
E1569,Catherine Ramirez,4
E157,Steven Rodriguez,1
E1570,Albert Nash,2
E1571,Joseph Clark,1
E1573,David Brown,2
E1574,Kristin Ward,3
E1575,Kristi Nguyen,2
E1576,Andrew Hayden,3
E1578,Dustin Moore,1
E1579,William Davis,3
E1580,Trevor Hill,2
E1581,Ann Garcia,1
E1582,Kyle Lucas,6
E1583,Jason Cox,1
E1585,Mario Sanchez,2
E1586,Gregory Decker,3
E1587,Jill Medina,2
E1588,James Potts,1
E1589,Barbara Patel,1
E1590,Troy Howard,2
E1591,Jessica Hanson,3
E1593,Michael Fisher,3
E1594,Alison Blake,2
E1595,Nathan Ball,1
E1596,Christie Vasquez,1
E1597,Samantha Grimes,1
E1599,Shannon Davies,1
E160,Michael Roberts,2
E1601,Michael Smith,1
E1602,Mandy Molina,1
E1603,Megan Donaldson,2
E1604,Robert Armstrong,1
E1606,Marcus Richard,2
E1607,Jesus Sampson,1
E1608,Vincent Gilbert,2
E1609,Brittany Cross,2
E1610,Matthew Marks,1
E1611,Kenneth Martinez,2
E1612,Shannon Jensen,1
E1614,Anna Fox,3
E1615,Carol Robinson,1
E1617,Benjamin Galloway,3
E1618,Karen Fernandez,1
E1619,Troy Hahn,2
E162,Alyssa Hart,3
E1620,Chris Ray,2
E1621,Bruce Miller,1
E1623,Eugene Snyder,3
E1624,Natasha Burns,5
E1625,Shawn Rocha,1
E1628,Jasmine Bradford,1
E1629,Christopher Leonard,1
E163,Lindsay Warren,1
E1632,John Edwards,3
E1633,David Taylor,2
E1634,Andrew Taylor,1
E1636,Anne Massey,3
E1637,Charlotte Alvarez PhD,1
E1638,Alexander Walker,3
E1639,Jonathan Ward,2
E164,Joshua Daugherty,1
E1640,Maria Henderson,2
E1641,Mrs. Rebecca Beltran PhD,3
E1643,Mario Cross,2
E1644,Ashlee Anderson,1
E1646,Katie Callahan,1
E1647,Joshua Lawrence,1
E1648,Karen Hall,1
E1650,David Carey,1
E1651,Matthew Jackson,2
E1652,Jacob Drake,1
E1655,Theresa Marquez,1
E1656,Deborah Webb,1
E1657,Melanie Martin,1
E1659,Nicholas Gray,1
E166,John Hill,1
E1661,Adam Carlson,1
E1667,Nathan Ho,2
E1668,Renee Martinez,3
E167,Curtis Cole,1
E1671,Valerie Pruitt DVM,2
E1672,Matthew May,1
E1673,Lisa Carter,2
E1674,Brandy Smith,1
E1676,Duane Hansen,2
E1678,Emma Mercer,1
E168,Jordan Miller,2
E1680,Diane Ramos,1
E1681,Christopher Garrett,2
E1682,Sean Castillo,2
E1683,Kathleen Anderson,1
E1685,Tammy Mcdaniel DDS,1
E1686,Brandon Chang,1
E1688,Jessica Frederick,1
E169,John Newman,2
E1690,Bruce Wright,2
E1691,Timothy Woods,1
E1692,Emily Boone,1
E1696,Robert Woodard,1
E1697,Joshua Marshall,1
E1701,Heather Richardson,1
E1703,Michael Castillo,1
E1704,Denise Burns,1
E1705,Diana Lopez,1
E1709,Christine Dalton,2
E171,Antonio Hess,2
E1710,Tonya Murphy,2
E1712,Martha Wilkinson,1
E1713,John Alexander,1
E1715,James Jones,1
E1717,Joyce Warner,4
E1718,Mrs. Carol Dominguez,3
E1719,Sonia Hoover,1
E172,Jason Wade,5
E1724,Colin Ramirez,2
E1725,Carol Klein,2
E1726,Paul Hodge,1
E1727,Heather Long,2
E1728,Christina Spencer,1
E1729,Elizabeth Baker,1
E173,Brandon Jordan,2
E1730,Amber Davis,1
E1731,Dawn Roach,2
E1732,Patricia Fletcher,2
E1733,Nicole Fitzgerald,2
E1734,Brandon Ray,1
E1736,Alexis Brown,1
E1737,Tiffany Trevino,1
E1739,Kathryn James,1
E1740,Kristin Douglas,1
E1741,Roy Adams,1
E1743,Daniel Williams,4
E1745,Sean Peterson,2
E1746,Nicole Martin,3
E1747,Jennifer Castaneda,1
E1749,Steven Hernandez,2
E175,Travis Cain,2
E1750,Lauren Allen,2
E1751,Johnathan Moran,2
E1753,Sharon Roberson,1
E1754,James Buckley,1
E1755,Robert Deleon,2
E1757,Karen Diaz,1
E1758,Christopher Davis,1
E1759,Anne Bell,2
E1760,Tracy Stanley,1
E1761,Jesus Davis,1
E1762,Lisa Hendricks,2
E1765,Joshua Smith,2
E1766,David Costa,1
E1768,Ms. Kristen Patel,1
E1769,Brian Mercado,3
E177,Antonio White,2
E1770,Veronica Duncan,3
E1771,Barbara Stephens,2
E1775,Michael Armstrong,1
E1776,Ricky Jimenez,3
E1777,Carol Wright,1
E1778,Laurie Ferguson,2
E178,Lauren Gonzalez,3
E1780,Jason Rodriguez,2
E1781,Daniel Baker,1
E1782,Tina Lloyd,2
E1783,Christopher Hale,2
E1785,Zachary Ferguson,2
E179,Matthew Osborne,2
E1790,Matthew Kramer,1
E1791,Randy Williams,2
E1792,Robert Wilson,2
E1793,Douglas Allen,2
E1794,Amy Boyd,2
E1797,Laura Garza,2
E1798,Alison Hopkins,2
E180,Patrick Bennett,1
E1800,Samuel Barrett,3
E1801,Tina Trujillo,2
E1803,Jose Salazar,1
E1804,Michael Brown,2
E1805,Debra Tanner,1
E1806,Angela Ramirez PhD,1
E1807,Heather Strong,1
E1809,Selena Camacho,2
E181,Jason Adams,2
E1811,Anthony Alexander,1
E1815,James White,1
E1816,Mark Case,1
E1817,Kevin Torres,1
E1818,Angela Nichols,4
E1819,Peter Randall,1
E182,Gregory Sanchez,1
E1820,Laura Marshall,1
E1821,Anna Washington,2
E1822,Sonia Lopez,1
E1823,Christopher Rogers,3
E1824,Rachel Taylor,2
E1825,Joseph Robinson,1
E1827,Daniel Ramos,1
E183,Jessica Rios,1
E1831,Michael Nelson,1
E1832,Gina Davenport,1
E1833,Amber Weaver,3
E1834,Sonya Palmer,6
E1835,Lauren Mcfarland,1
E1836,Tina Farmer,1
E1838,Toni Chase,3
E1839,Craig Johnson,1
E184,Justin Thompson,3
E1840,Dawn Miller,2
E1841,Courtney Burns,3
E1842,Rebecca Anderson,2
E1846,William Fox,2
E1847,Andrew Scott,1
E1848,Christina Welch,1
E1849,Michael Strickland,2
E185,Darryl Cox,1
E1852,Michael Perry,3
E1853,Rebecca King,2
E1854,Autumn Moore,1
E1856,Pamela Lee,1
E1857,Jose Smith,2
E1859,Michael Mendoza,2
E186,Samantha Lewis,3
E1860,Susan Williams,1
E1861,Carla Davis,1
E1862,Marilyn Myers,1
E1863,Leslie Daniels,1
E1865,Dennis Erickson,1
E1866,Christopher Simmons,2
E1868,Tyler Nixon,2
E1869,Rachel Miller,1
E187,Jimmy Cantu,2
E1870,Deanna Lopez,2
E1871,Phillip Sanders,3
E1872,Danielle Miller MD,2
E1873,Julie Lopez PhD,1
E1877,Sandra Walton MD,1
E1878,Michele Brown,2
E1880,Laura Hill,3
E1881,Monica Vang,1
E1882,Thomas Johnson,1
E1884,Lydia Francis,2
E1886,Jerry Trujillo,2
E1887,Teresa Quinn,1
E1888,Jacob Campbell,1
E189,Dr. Alec Hernandez MD,1
E1890,Samantha Bryant,1
E1891,Richard Mccarty,1
E1893,Timothy Thompson,1
E1896,Brian Adams,2
E1897,Maria Cannon MD,3
E1899,Angela Mitchell,5
E1900,Wendy Nelson,1
E1901,Laura Downs,3
E1903,Joan Griffin,1
E1904,Nicholas Banks,1
E1907,Logan Montgomery,2
E1910,Travis Alexander,1
E1911,Cameron Jensen,1
E1914,Ralph Gutierrez,2
E1917,Margaret Smith,2
E1919,Mary Nelson,1
E192,Brenda Murphy,2
E1923,Janice Carroll,4
E1924,Barry Nichols,1
E1926,Lisa Singh,2
E1927,Christina Howard,1
E1928,Katrina Williams,1
E1929,Andrew Vaughn,1
E193,Austin Casey,1
E1930,Melissa Holmes,1
E1931,Jordan Rodriguez,2
E1932,Ashley Scott MD,1
E1933,Tonya Wilkinson,6
E1934,Christine Collier,1
E1935,Christina Smith,1
E1936,Amber Wallace,2
E1937,Brian Cook,1
E1938,David Palmer,2
E1939,Denise Hanson MD,1
E1940,Brittany Bridges,1
E1943,James Stewart,2
E1946,Jason Walter,3
E1948,Shelby Dixon,1
E195,Megan Padilla,2
E1950,Deanna Mullins,1
E1952,Anthony Owens,1
E1953,Jamie Shields,1
E1954,Stacey Simmons,1
E1955,Richard Lee,1
E1956,Cassandra Adams,3
E1957,Shawn Lucas,2
E1958,Jessica King,1
E1959,Joshua Jennings,1
E1961,Elizabeth Reyes,1
E1962,Nancy Davis,1
E1963,Mr. Jonathan Green,3
E1965,Robert Rosales,1
E1966,Michelle Mooney,2
E1967,Amy Martinez,1
E1968,Tammy Berry,2
E1969,Amanda Rodriguez,3
E197,Anthony Malone,1
E1970,Julie Boyle,1
E1971,Amy Curry,2
E1973,Shane Mendoza,1
E1974,Jacob Crosby,1
E1975,Samantha Powell,1
E1976,John Simon,2
E1978,Phyllis Hester,4
E198,Paula Schmidt,2
E1980,Dawn Miller,1
E1981,Gregory Warner,2
E1982,James Green,2
E1983,Shirley Smith,1
E1984,Tricia Tucker,1
E1985,William Thomas,2
E1986,Erin Wilkerson DDS,1
E1989,Nathaniel Hernandez,1
E199,Stephen Davis,1
E1990,Joanne Cabrera,1
E1992,Joseph Hayden,1
E1993,Kendra Cantu,2
E1995,Daniel Schultz,2
E1997,Leslie Robinson,1
E1998,Chelsea Sandoval,2
E2002,Adam Mclaughlin,1
E2003,Jason Smith,2
E2004,Daniel Barnett,1
E2005,Keith Kirby,1
E2006,Cody Hayes,1
E2008,Rhonda Carson,1
E201,Ian Juarez,1
E2010,Hannah Reynolds,4
E2012,Michelle Walker,4
E2013,Sarah Owens,1
E2016,David George,2
E2017,Olivia Jackson,1
E2018,Jessica Arroyo,2
E2019,Michael Johnson,1
E202,Ronald Fernandez,2
E2024,Jacob Cole,2
E2025,Marc Carter,1
E2026,Richard Byrd,1
E2027,Tiffany Taylor,2
E2028,Kimberly Davenport,2
E2029,Heather Rowe,2
E203,Lisa Marshall,1
E2030,Michael Rogers,1
E2032,Laura Wall,2
E2033,Andres Griffith,3
E2035,Sheila Dunlap,2
E2036,David Walker,1
E2038,Drew Jones,2
E2039,Megan Walls,1
E204,Jeremy White,1
E2040,Timothy Bowers,1
E2041,Samuel Phillips,1
E2045,Lawrence Hernandez,2
E2046,Hannah White,1
E2048,Brenda Walker,4
E205,Miranda Vaughn,1
E2050,Jasmin Stanley,1
E2052,Diane Wong,2
E2053,Rebecca Young,1
E2055,Mary Thompson,2
E2056,Alicia Little,1
E2057,Jesse Shah,1
E2058,Cynthia Scott,1
E2061,George Lewis,2
E2062,Wesley Ramsey,2
E2063,Joel Evans,4
E2065,Matthew Thomas,1
E2066,Amanda Reed,1
E2067,Melissa Summers,2
E2068,Scott Marquez,2
E2069,Tracy Torres,1
E2070,Shannon Rogers,1
E2071,Rachel Gilbert,1
E2076,Mia Carpenter,3
E2077,Karen Sawyer,1
E2078,Jacob Ingram,1
E2079,Jeremy Stout,1
E208,Donna Sullivan,1
E2080,James Anderson,1
E2082,Laurie Jones,2
E2083,Jessica Daniels,1
E2084,Daniel Richardson,2
E2085,Sharon Hayes,3
E2086,Beth Hernandez,1
E2087,William Owens,3
E2088,John Barton,2
E2089,Benjamin Gutierrez,3
E209,Samantha Hall,1
E2091,Michelle Fowler,1
E2092,Shane Martinez,1
E2094,Larry Shaw,2
E2096,James Lopez,1
E2097,Kristy Powell,1
E2099,Melissa Herman,1
E210,Eduardo Chang,2
E2100,Ronnie Ramirez,3
E2104,Austin Jackson,1
E2105,Jason Rodriguez,1
E2107,Dr. Linda Barrett MD,2
E2108,Michael Thompson,1
E2109,John Estrada,3
E2110,Robert Price,1
E2112,Audrey Wilson,1
E2115,Steven Morgan,1
E2118,John Cobb,1
E2119,Valerie Robinson,3
E212,Juan Ho,2
E2120,Molly Johnson,1
E2121,Michael Schmidt,1
E2123,Lisa Wu,4
E2124,Emily Pugh,3
E2126,Bradley Murphy,2
E2127,Dustin Clark,2
E2128,Brenda Hammond,1
E2129,Melissa Grant,1
E2130,Nathan Cooper,1
E2131,Joshua Brown,1
E2132,Glenn Hughes,1
E2133,Tammy Carter,2
E2134,Jacob Briggs MD,1
E2135,Timothy Martinez,1
E2136,Kayla Moore,1
E2137,Tonya Hill,2
E2138,Nicholas Jackson,1
E2139,Amy Salazar,1
E214,Christopher Webb,1
E2140,Mr. Justin Meyer,1
E2141,Michelle White,1
E2142,David Webster,2
E2143,Vanessa Cox,1
E2144,Jerry Vega,2
E2145,Samuel Hernandez,1
E2147,Aaron Obrien,1
E2148,Heather Jackson,2
E2149,Dawn Sanchez,2
E2150,Molly Owen,1
E2151,Joseph Reyes,1
E2152,Cody Williams,3
E2154,Paul Brown,2
E2158,Zachary Gonzalez,6
E216,Barbara Hernandez,3
E2161,Anna Horne,4
E2162,John Cruz,3
E2163,Sarah Sanchez,2
E2164,Robert Padilla,3
E2165,Sydney Sanford,2
E2167,Beth Henderson,1
E2168,Charles Adams,2
E2169,Robert Mcgrath,1
E217,Stephanie Maynard,2
E2172,Richard Rowe,1
E2173,Brandi Kennedy,3
E2175,Matthew Smith,1
E2176,Edward Baldwin,1
E2177,Mandy Cole,1
E2178,Nathaniel Carter,2
E2182,Ann Clark,1
E2184,Nicholas Rivera,1
E2185,Heather Shaw,1
E2186,Kevin Escobar,3
E2188,Tiffany Williams,1
E2189,Jennifer Munoz,1
E219,Amy Carter,5
E2191,Steven Hernandez,1
E2193,Angelica Newman,4
E2195,Marissa Gordon,1
E2196,Evelyn Chang,1
E2200,Ashley Hicks,1
E2201,Luis Stanton,1
E2204,Joshua Bush,2
E2205,Stephen Colon,3
E2206,Jonathan Edwards,2
E2207,Cynthia Herrera,1
E2208,Sierra Olson,3
E2209,Benjamin Ward,2
E221,Jordan Spencer,3
E2212,Jordan Phillips Jr.,1
E2213,Denise Washington,1
E2214,Brandy Reyes,1
E2215,Jacqueline Edwards,2
E2217,Megan Williams,2
E2218,Donald Clark,1
E2219,Tanya Walker,1
E2220,Peggy Rojas,5
E2221,Gregory Alexander,2
E2223,Jacob Farmer,2
E2224,Dale Hill,1
E2225,Lori Evans,1
E2226,Miguel Silva,1
E2229,Stephen Cochran,4
E2231,Christina Vaughn,4
E2232,Joshua Henderson,4
E2233,Christopher Collins,1
E2235,Yvonne Snow,3
E2236,Andrew Mcdaniel,1
E2237,Andrew Gomez,3
E2239,Joseph Avila,1
E224,Stephanie Rowe,1
E2240,Renee Hall,2
E2241,Jeffrey Rivas,1
E2242,James Collier,2
E2244,Christopher Sanchez,1
E2246,John Harris,2
E2247,Vanessa Love,1
E2248,Timothy Phillips,1
E2249,Erin Mendoza,2
E225,Carol Lawson,1
E2253,Angela Miller,2
E2255,Douglas Barnes,3
E2256,Aaron Anderson,2
E2257,Dorothy Chase,1
E2260,Carla Cooper,2
E2262,Brian Glenn,2
E2263,John Mcdaniel,1
E2267,Angela James,1
E2268,Shawn Carter,2
E2269,Bruce Gay,1
E2270,Stephanie Nguyen,1
E2272,Shelley Burns,3
E2273,Emily Reid,1
E2274,Charles Henderson,1
E2275,Abigail Jones,1
E2276,Amber Austin,2
E2278,Bridget Cherry,1
E2279,Warren Velasquez,1
E228,Douglas Lee,1
E2280,Tammy Alexander,3
E2281,Erik Knight,3
E2282,Kayla May,1
E2284,Nicholas Bell,2
E2285,Matthew Silva,1
E2286,Jane Pruitt,3
E2287,John Bradshaw,2
E2288,Joseph Morgan,2
E229,Linda Shepard,2
E2291,Stephanie Williams,1
E2292,Kristin Patterson,1
E2294,Kevin Vaughan,1
E2296,Joshua Page,1
E2297,Brenda Matthews,2
E2299,Nicholas Schmidt,2
E230,John Gordon,2
E2301,Leroy Benton,1
E2302,Ashley Leblanc,4
E2303,Timothy Clark,3
E2304,Jordan Jones,1
E2305,Diana Black,1
E2306,Nichole House,2
E231,Jason Clark,1
E2310,Amanda Powell,1
E2313,Samantha Nelson,2
E2315,Jeffrey Farrell,1
E2317,Brittany Smith,3
E2318,Terri Kirk,2
E232,Cory Murray,1
E2320,Miguel Evans,2
E2321,George Freeman,2
E2322,Crystal Kent,1
E2323,James Cunningham,1
E2327,Dr. Tammy Sanchez MD,1
E2329,Christopher Roberts,2
E233,Courtney Stevens,3
E2332,Richard Rice,1
E2334,Ricardo Hall,1
E2337,Christian Benson,2
E2338,Xavier Lutz,1
E234,Deborah Blackwell,2
E2340,Tammy Stephens,1
E2342,Wanda Murray,1
E2343,Stacy Shepard,2
E2344,Virginia Arnold,2
E2346,Kathleen Morris,2
E2347,Zachary Wheeler,1
E2349,Melissa Schmidt,2
E235,Edward Cook,1
E2350,Pamela Bailey,1
E2351,Benjamin Rodriguez,1
E2352,Micheal Doyle,3
E2354,Louis Jones,1
E2357,Ricky Steele,1
E2359,Kayla Ayers,2
E236,James Jones,2
E2361,Catherine Castro,3
E2362,Melissa Gilmore,3
E2364,Elizabeth Ingram,1
E2365,Michelle Diaz,1
E2366,Erica Richard,1
E2367,John Hernandez,2
E2368,Nicole Orozco,2
E2370,Jay Hall,2
E2371,Lisa Dunlap,1
E2372,Kelly Butler,1
E2374,Brian Chapman,1
E2375,Michael Harris DVM,1
E2378,Melissa Barry,1
E238,Emily Perez,2
E2381,Charles Miller,1
E2384,Jessica Taylor,3
E2385,Dr. Melissa Bowman,1
E2386,Devin Andrews,1
E2387,Brandy Williams,2
E239,Brittany Parrish,1
E2392,Joyce Meadows,3
E2394,Tyler Ward,1
E2395,John Johnson,1
E2396,Steven Harvey,3
E2398,Justin Ross,1
E2399,Diamond Paul,5
E240,Timothy Harrington,1
E2401,Robin Jenkins,2
E2402,Kent Carter Jr.,3
E2403,Jennifer Fox,1
E2404,Christopher Harris,1
E2408,Daniel Nelson,2
E2409,David Mack,2
E2413,Anita Clark,1
E2415,Sara Lester,3
E2416,Joseph White,2
E2419,Matthew King,1
E242,Rick Garcia,1
E2420,Jeremiah Smith,4
E2421,Geoffrey Long,4
E2426,James Nielsen,2
E2427,Katrina Pierce,2
E2428,Jacob Rodriguez,2
E243,Bill Lewis,1
E2430,Michelle Barnes MD,2
E2431,Jeffrey Moody,1
E2433,Ryan Larsen,1
E2434,John Cooper,3
E2435,Stephanie Edwards,4
E2436,Carla Smith,2
E2437,Gregory Porter,1
E2438,Leslie Meadows,2
E244,Miguel Ball,4
E2441,Kenneth Shields,3
E2444,Joseph Martinez,1
E2445,Ivan Cunningham,2
E2446,Joseph Ortiz,1
E2449,Suzanne Glenn,3
E245,Shannon Gutierrez,1
E2450,Jennifer Glover,1
E2453,Ashley Fletcher,1
E2454,Frank Lowery,1
E2455,Linda Chavez,4
E2456,Anthony Mueller,1
E2458,David Thompson,1
E2459,Krista Leonard,1
E2460,Nicholas Gould,1
E2463,Joseph Cortez,2
E2464,Mark White,1
E2465,William Gutierrez,2
E2469,Kenneth Gill,1
E247,Angel Sherman,1
E2472,Nicole Jackson,2
E2473,Steven Nunez,1
E2474,Carlos Silva,1
E2475,Tiffany Khan,1
E2476,Gina Moore,2
E2478,Robert Christensen,2
E2479,Melissa Hernandez,1
E248,Tara Frederick,2
E2481,Christopher Russell,1
E2482,Joy Brown,2
E2483,Kenneth Phillips,2
E2484,Cody Fisher,1
E2486,David Aguirre,1
E2487,Patricia Schmidt,3
E2488,Paula Anderson,3
E2490,Michael Edwards,1
E2491,Tara Dawson,1
E2492,Ariana Kirby,1
E2493,Brenda Howard,1
E2494,Elizabeth Washington,1
E2498,Kendra Sanchez,1
E2499,Edward Johnson,2
E2500,Pamela King,1
E2501,Molly Jimenez,2
E2502,Todd Davis,2
E2503,Dustin Spence,2
E2504,John Obrien,2
E2505,Darren Roach,2
E2506,Jennifer Baker,2
E2507,Derek Phillips,1
E2509,David Rice,2
E2510,Amanda Hawkins,2
E2511,Alexander Kelly,2
E2512,Dustin Harris,4
E2514,Scott Grant,1
E2516,Katherine James,1
E252,Melissa Ward,2
E2520,Kathleen Shepherd,2
E2521,Trevor Bell,1
E2522,Amy Pearson,3
E2523,Dana Solomon,2
E2524,David Scott,2
E2525,Carol Alexander,3
E2526,Jason Davidson,1
E2527,Kimberly Jackson,1
E2529,Daniel Ryan,1
E253,Stacy Gutierrez,1
E2530,Michael Burns,1
E2531,Russell Lyons,2
E2535,Sherri Payne,2
E2536,Christina Bryant,2
E2537,Ashley Hernandez,2
E2538,Brian Jennings,1
E2539,Jenna Cline,2
E254,Dr. Larry Hernandez,2
E2540,Mason Harrison,2
E2541,Madison Graves,1
E2544,Nicole Stanley,1
E2545,Stephanie Bennett,3
E2546,Samuel Johnson,1
E2547,Nicole Mcneil,2
E2548,Angela Davis,1
E2549,Kimberly Dixon,2
E255,Danielle Phillips,1
E2550,Keith Thompson,2
E2551,Charles Monroe,2
E2552,Robert Young,2
E2554,Felicia Webb,1
E2555,Erika Jordan,2
E2556,Samantha Reyes,1
E2557,Thomas Collins,1
E2558,Sherry Olsen,1
E2559,Tamara Rowe,1
E256,Shannon Archer,2
E2561,Alice Williams,1
E2562,Albert Mckay,1
E2563,John Mcdonald,1
E2564,James Gonzalez,2
E2565,Miss Brittany Pacheco,1
E2567,Tracy Jones MD,1
E257,Patricia Fowler,3
E2570,Chad Drake,1
E2571,John Lloyd,1
E2572,Shelby Jenkins,1
E2574,Lance Gallegos,1
E2576,Danielle Perez,3
E2577,William Obrien,1
E2578,Tiffany Lyons,2
E2579,Bradley Anderson,1
E258,Troy Taylor,2
E2580,Jacqueline Ray,2
E2581,Jennifer Crawford,2
E2582,Catherine White,2
E2585,Richard Beck,1
E2586,Justin Tucker,1
E2588,Elizabeth Brown,1
E2589,Adam Carter,1
E259,Ashley Hall,2
E2590,Nicholas Kim,1
E2593,Stephanie Parker,1
E2596,Mary Obrien,1
E2597,Donna Davis MD,2
E2599,Malik Johnson,2
E260,Jack Anderson,1
E2600,Jay Jordan,3
E2602,Mary Mendez,2
E2604,Valerie Washington,1
E2605,Julia Lynn,1
E2606,Dr. Michael Graham PhD,2
E2607,Deborah Pineda,2
E2608,Tom Lee,2
E2609,Patrick Johnson,1
E2610,Amanda Trevino,3
E2615,Melinda Smith,1
E2616,Dr. Julia Kelly,2
E2617,Carlos Perry,1
E2619,Tiffany Andrews,1
E262,Jonathan Jones,1
E2621,Michelle Howell,2
E2622,Carla Carroll,3
E2624,Albert Hopkins,2
E2625,Melanie Mendoza,2
E2626,Megan Caldwell,2
E2627,Ronald Watson,1
E2628,Raymond Williams,1
E263,Stephen Holder,2
E2630,Curtis Glover,2
E2631,Joseph Harper,2
E2632,Justin Watts,2
E2634,Kathryn Thomas,1
E2635,Ricardo Mitchell,1
E2636,Wyatt Morris,2
E2638,Angela Martinez,1
E264,Jessica Chen,1
E2640,Cindy Moore,2
E2641,Ronnie Matthews,1
E2642,Denise Allen,3
E2644,Caitlin Hamilton,2
E2646,Holly Bailey,1
E2649,Betty Martinez,3
E2651,Timothy Rodriguez,1
E2652,Jennifer Horn,2
E2653,Gloria Brown,1
E2654,Paul Carroll,1
E2655,Thomas Hernandez,1
E2656,Karen Cooley,1
E2657,Frances Evans,2
E2660,Michele Chan,1
E2662,Michelle Ortiz,1
E2663,Sheryl Graves,5
E2664,Chad Bryan,1
E2666,Maria Evans,1
E2667,Bryan Weeks,2
E2669,Danielle Morris,2
E267,Jordan Ortega,2
E2670,Sarah Morgan,1
E2671,Jamie Ayers,2
E2672,Jessica Mills,2
E2673,Rodney Carter,1
E2674,Cameron Hunt,1
E2677,Charles Williams,3
E2679,Brian Rodriguez,1
E268,Heidi Rodriguez,2
E2682,Joanna Rios,2
E2684,Morgan Chandler,1
E2685,Michelle Ward,2
E2686,Brianna Glover,2
E2687,Kathleen Garcia,1
E2688,Douglas Freeman,3
E2689,Patrick Larson,1
E269,Hector Myers,2
E2690,Steven Hughes,2
E2691,Amy Kent,2
E2692,Mark Chavez,1
E2693,Walter Coleman,1
E2694,Randall Miller,2
E2695,Kyle Martinez,1
E2699,Christopher Little,1
E270,Madison Smith,2
E2701,Trevor Watts,1
E2702,Annette Lane,2
E2706,Kathryn Johnson,1
E2707,Samantha Anderson,3
E2709,Lisa Duncan,1
E271,Dana Nelson,1
E2710,Carla Mcguire,2
E2711,Emily Ellis,3
E2712,Christina Jackson,1
E2713,Jacob Atkins,1
E2714,Lori Anderson,2
E2716,Steven Herrera,1
E2717,Diana Bush,1
E2718,Brandi Sandoval,1
E272,Courtney Turner,1
E2720,James Sims,1
E2721,Kenneth Zimmerman,1
E2723,Cindy Perez,1
E2724,Jacob Rogers DDS,1
E2725,Amanda Reed,4
E2726,Steven Grant,1
E2727,Kenneth Duran,2
E2728,Donna Holden,3
E273,Alison Mckenzie,2
E2730,Peggy Patterson,1
E2731,Tiffany Russell,2
E2732,Krista Hernandez,1
E2733,Mrs. Christina Wilcox,1
E2734,Amanda Fox,1
E2735,Catherine Smith,1
E2736,Morgan Lewis,2
E2737,Brian Silva,1
E2738,Jason Taylor,2
E2740,Christine Roberts,1
E2743,Nathaniel Lewis,4
E2744,Heather Rodriguez,3
E2745,Laura Carter MD,1
E2746,Jason Ewing,1
E2747,Priscilla Miller,2
E2748,Peter Soto,2
E2750,Joel Gonzalez,1
E2751,Joseph Nelson,1
E2752,Margaret Singh,2
E2753,John Mitchell,1
E2754,John Sharp,1
E2755,John Marks,2
E2757,Jonathan Moreno,1
E2758,Kimberly Montgomery,3
E2759,Oscar Silva,1
E276,Gerald Jordan,1
E2761,Robert Woodard,2
E2762,Riley Franklin,1
E2763,Ashley Potts,2
E2764,Benjamin Ross,3
E2765,Wendy Watkins,1
E2767,William Wells,2
E2768,Katherine Ortiz,1
E277,Edward Gonzales,1
E2771,Danielle Wright,1
E2772,Heather Vega,2
E2774,Gregory Hutchinson,1
E2775,Sheryl Garcia,1
E2777,Nicholas Ramos,1
E2779,Ryan Nelson,1
E278,Carolyn Bryant,1
E2784,Sharon Thompson,1
E2786,Vincent Petersen,1
E2787,Karen Macdonald,1
E2788,Amanda Washington,1
E2790,Joshua Brown,3
E2791,Jill Jordan,3
E2793,Mr. Luis Alvarado,2
E2794,Steven Gonzalez,2
E2795,Jennifer Barry,2
E2796,Katie Allison,2
E2797,Emma Barrett,1
E280,Jessica Bailey,1
E2800,David Washington,1
E2801,Joshua Ross,1
E2802,Rebekah Larson,1
E2803,Christine Scott,1
E2806,Jessica Moore,1
E2808,Tara Brown,2
E2809,Ashley Hill,1
E281,Michael Villa,2
E2811,Bryce Griffin,2
E2812,Audrey Schwartz,2
E2815,Jason Escobar,1
E2816,Christopher Andrade,2
E2817,Michael Beck,3
E2818,Donna Carroll,2
E282,Andrea Cervantes,1
E2822,Theresa Castro,2
E2823,Amanda Turner,1
E2824,Kimberly Owen,3
E2828,Melissa Stone,2
E2829,Cody Harrison,2
E2830,Timothy Hill,1
E2831,Brandon Chavez,1
E2834,Sonya Flores,4
E2835,Danielle Kerr,1
E2836,Stanley Myers,1
E2837,Haley King,2
E2838,Brooke Taylor,1
E2839,Shawn Smith,1
E2840,Christopher Bridges,2
E2841,Tyler Andrews,2
E2842,Wanda Walsh,3
E2843,Peter Wells,2
E2844,Douglas Thompson,1
E2846,Amanda Smith,1
E2847,Mr. Shawn Maldonado DDS,1
E2848,Amy Garcia,2
E2849,Jennifer Burke,1
E285,Bruce Hill,1
E2850,Susan Evans,1
E2852,Charles Robinson,1
E2853,Kenneth Richard,1
E2854,Daniel Chapman,1
E2857,Laura Olson,2
E2858,Brandon Mann,1
E2859,Hannah Davis,1
E2860,Brianna Smith,1
E2862,Rebecca Jones,1
E2864,Travis Brown,1
E2866,Todd Sexton PhD,1
E2867,Kelly Rocha,5
E287,Terry Moore,1
E2870,Nicole Gonzalez,1
E2871,Steven Wilson,1
E2872,Laura Osborne,1
E2873,Mitchell Crawford,3
E2876,Christina Marks,2
E2877,Michael Contreras,3
E2879,Bryan Lopez,2
E288,Michelle King,3
E2881,Caitlin Fuller,1
E2882,Krystal Wright,1
E2883,Andrew Mosley,2
E2884,Mr. Jonathon Garcia Jr.,2
E2887,Brandon Nguyen,3
E2888,Carol Martinez,1
E2889,Erica Jennings,1
E289,Chad Meyers,2
E2890,Derrick Adams,2
E2891,Paul Hansen,1
E2895,Jason Dunn,1
E2896,Terry Briggs,2
E2897,Joyce Avery,1
E2899,Danielle Elliott,2
E290,Daryl Braun,2
E2900,Michael Nelson,1
E2903,Barbara Miller,1
E2904,Martin Garner,3
E2905,Lisa Gonzales,4
E2906,Nicholas Lyons,1
E2909,Richard Hendricks,2
E291,Thomas Austin,2
E2910,Sarah Hall,2
E2911,Carlos Walker,1
E2912,Miguel Wallace,2
E2914,Ashley Dawson,2
E2916,Grace Moore,1
E2917,Melissa Martin,2
E2918,Robert Petersen,1
E2919,Amanda Boone,1
E292,Christopher Lee,1
E2920,Jennifer Dunlap,1
E2921,Diana Green,1
E2922,Thomas Mckay,1
E2925,Karla Lewis,1
E2926,Tiffany Nixon,2
E2929,Cody Donaldson,1
E2930,Joseph Lee,2
E2931,Sheri Robinson,1
E2932,Tracy Peters DDS,4
E2933,Jennifer Gaines,3
E2934,Kimberly Hall,1
E2935,Mark Thomas PhD,2
E2937,Christopher Lambert,1
E2938,Jeffrey Smith,3
E2939,Christopher Murphy,2
E294,Nicole Mendez,2
E2940,Troy Watson,3
E2942,James Mcfarland,1
E2943,Amanda Duran,3
E2945,Rebecca Shaffer,1
E2949,Michael Phillips,1
E295,Cheryl Escobar,2
E2950,Alex Lamb,5
E2952,Ryan Galvan,1
E2955,Kelli Allen,3
E2956,Melissa Jordan,1
E2958,Charles Fleming,2
E2959,Angie Davis MD,2
E2961,Raven Wagner,1
E2962,Adam Bailey,1
E2963,Fernando Joyce,2
E2964,Abigail Rollins,2
E2969,Lauren Brown,3
E2970,Travis Hudson,1
E2971,Caroline Le,3
E2972,Timothy Lambert,2
E2973,Ronnie Williams,3
E2976,Billy Horn,2
E2977,Mr. Nicholas White,1
E2978,Antonio Mcdaniel,3
E298,Heather Randolph,1
E2980,Jeanette Garcia,1
E2983,Barbara Keller,1
E2984,Thomas Baker,1
E2986,Melissa Miller,2
E2988,Julia Harmon,1
E2989,Stephanie Collins,1
E299,Anthony Davidson,1
E2990,Brian Harrison,2
E2992,Michael Wiley,1
E2993,Brandon Davis DDS,2
E2994,Daniel Golden,3
E2995,Katie Bowers,4
E2997,Kathryn Howard,1
E2998,Jamie Stephens,1
E2999,Nicholas Carson,2
E300,Heather Flores,1
E3000,Mark Ross,3
E3001,Larry Roth,2
E3002,Sydney Lewis,1
E3003,Patrick Wallace,1
E3004,Nichole Taylor,3
E3005,Joshua Garrett,2
E3006,Alexandria Williams,2
E3009,Brianna Padilla,1
E301,Samantha Peterson,1
E3010,Laura Grant,3
E3011,Brittany Peters,1
E3012,Nathan Young,2
E3014,Kelly Peterson,2
E3015,Keith Ortiz,1
E3016,Steven Poole,1
E3017,Larry Velasquez,2
E3018,Michael Cain,1
E3019,Jason Park,3
E3020,Kathy Goodman,1
E3021,Sarah Hicks,2
E3022,Danielle Hale,1
E3023,Brittany Fernandez,1
E3025,Jonathon Peterson,3
E3026,Autumn Carter,1
E3027,Lindsay Jordan,2
E3028,Rachel Barnes,1
E3029,Jessica Campbell,2
E303,Patrick Miller,1
E3031,Kenneth Castillo,2
E3032,Shelley Hardin,1
E3035,Rebecca Cortez,2
E3036,Brenda Dean,2
E3037,Jordan Dunlap,2
E3038,Denise Wilson,1
E3039,Steven Fritz,2
E304,Christopher Mccarty,2
E3040,Kelly Fischer,2
E3041,Jesse Shelton,1
E3042,Devin Parsons,2
E3043,Lisa Anderson,1
E3045,Cody Martin,2
E3047,Amy Campbell,2
E3048,Jacob Frey,1
E305,Linda Hunter,2
E3051,Steven Curtis,2
E3053,Jamie Williams,1
E3054,Marc Nguyen,1
E3058,Elizabeth Spencer,2
E306,Blake Ross,6
E3060,Stephanie Newton,1
E3061,David Lewis,1
E3062,Jason Rivera,2
E3063,John Allen,2
E3064,Kevin Moore,2
E3066,Candace West,1
E3068,Brian Aguirre,2
E3069,Robert Cunningham,4
E3070,Angela Richmond,1
E3071,Ryan Chavez,1
E3073,Jennifer Lozano,2
E3075,Sylvia Cochran,4
E3077,Tiffany Baker,1
E3078,John Ferguson,1
E3079,David Butler,3
E308,James Morgan,1
E3080,Lee Lane,1
E3083,Christine Ward,4
E3084,Marcus Smith,1
E3085,Scott Mays,3
E3087,Dustin Wilson,2
E3088,Heidi Cox,2
E3089,Robert Serrano,1
E309,Jonathan Shelton,1
E3090,Jennifer Hayes,1
E3091,Penny Anderson,1
E3092,Matthew Villanueva,1
E3093,Katie Riley,2
E3095,Brandon Lawrence,1
E3098,Brian Davis,1
E3099,Julie Graves,1
E310,Jamie Rogers,1
E3100,Christine Miller,1
E3101,Michael Whitehead,1
E3102,Debra Ortega,1
E3104,Christine Johnson,2
E3105,Catherine Cohen,1
E3106,Erica Griffin,1
E3108,Brandon Jensen,3
E3109,Raymond Lee,1
E311,Adriana Kelley,2
E3110,Lindsay Lee,2
E3111,Kimberly Nash,2
E3112,Brian Hernandez,3
E3113,Austin Jones,1
E3114,Michelle Castillo,2
E3116,Dr. Bridget Jimenez MD,2
E3117,John Williams,3
E3118,Aaron James,3
E3119,Michael Smith,2
E3121,Brenda Mcdaniel,1
E3124,Rachel Torres,3
E3125,Bruce Petersen,6
E3126,Robert Johnson,1
E3127,John Saunders,2
E3129,Melanie Rios,4
E3130,Ryan Young,2
E3131,David Davidson,2
E3132,Kevin Fuentes,1
E3133,Gloria Paul,1
E3134,Stephanie Elliott,2
E3136,Mr. Corey Tanner,3
E3137,Robert Frazier,1
E3138,Timothy Day,1
E3139,Dr. Brenda Camacho,1
E314,Robert Lewis,1
E3140,Rachel Gallagher,2
E3141,Tara Moyer,1
E3142,Joshua Miller,2
E3143,Melody Obrien,2
E3144,Elizabeth Gardner,1
E3145,Kelly Neal,3
E3146,Arthur Morales,2
E3148,Rachel Valenzuela,3
E3149,Sylvia David,1
E315,Joanna Munoz,1
E3150,Deborah Diaz,1
E3151,Thomas Torres,1
E3154,Courtney Baxter,1
E3155,Mary Gonzalez,1
E3156,Robert Bridges,1
E3157,Joe Lopez,3
E3158,Luke Santiago,1
E316,Kathleen Green,1
E3161,Phillip Payne,1
E3162,David Rosales,2
E3164,Scott Warner,3
E3165,Daniel Garcia,2
E3166,Juan Johnson,2
E3167,Brandon Arnold,2
E3168,Jonathan Hayes,1
E3170,William Hinton,1
E3171,Jeffrey Meyer,1
E3172,Savannah Ramirez,3
E3174,William West,1
E3175,Jennifer Hart,2
E3176,Jeanette Decker,2
E3179,Mary Davis,2
E318,Jennifer Martinez,2
E3180,James Mitchell,2
E3181,Eric Reilly,1
E3184,Austin Baldwin,2
E3187,Sean Garcia,1
E3188,Richard Snyder,2
E319,Stephen Bauer,2
E3193,Linda Brown,2
E3194,Matthew Nguyen,3
E3195,Rodney Spencer,1
E3196,Dorothy Wolfe,2
E3199,Traci Gonzalez,4
E3201,Jessica Mckinney,2
E3202,Danielle Gutierrez,1
E3203,Heidi Smith,2
E3206,Michael Thompson,3
E3207,Richard Gibson,2
E3208,William Rodriguez,2
E321,Aaron Santos,1
E3212,Ronald Bailey,2
E3213,Ryan Serrano,3
E3214,Mr. Robert Johnston MD,1
E3215,Michael Moore,3
E3216,Christopher Garrett,3
E3217,Kayla Morris,2
E3218,Charles Stone,1
E3219,Leslie Powers,1
E322,Jonathan Adams,3
E3220,Christian Mcgrath,1
E3222,Carl Johnson,1
E3226,Jeffrey Sims,2
E3227,Melissa Horn,2
E3228,Rhonda Mills,1
E3229,Austin Bennett,1
E3230,David Davis,2
E3232,Denise Terry,3
E3233,Rachael Patterson,1
E3234,Christina Campbell,1
E3235,Debra Allen,1
E3237,Mr. Marc Aguilar II,2
E3238,Cindy Stephens,1
E3239,Jennifer Gibbs,1
E324,Christopher Jones,2
E3240,Lori Collins,2
E3241,Randall Williams,3
E3242,Christopher Thompson,1
E3243,Steve Smith,1
E3244,Janet Bennett,3
E3245,Carla Reed,1
E3246,Loretta Griffith,4
E3247,Deborah Lynch,1
E3248,Erica Case,2
E3249,Duane Miller,2
E325,Karl Payne,1
E3250,Robert Fisher,3
E3252,Erin Gonzalez,4
E3254,Carol Osborne,2
E3257,Paul Warren,2
E3258,Frank Adams,1
E326,Nathan Jones,2
E3260,Michele Kelly,3
E3262,Jason Scott,1
E3264,John Vargas,1
E3265,Jose Rivera,1
E3267,Kathy Silva,2
E3268,Amanda Bell,1
E3270,Robert Evans,2
E3271,Carolyn Dunn,2
E3272,Angela Bailey,1
E3273,Jonathan Booker,1
E3274,Cynthia Smith,1
E3276,Tammy Holland DDS,1
E3277,Robin Allen,3
E3278,Debra Goodwin,1
E3279,Diana Myers,1
E328,Andrew Jimenez,3
E3281,Scott Myers,2
E3282,Sean Chen,1
E3283,Sharon Clark,2
E3285,Sharon Todd,1
E3286,Sherry Bowman,1
E3288,Stephen Guzman,1
E3291,Cynthia Travis,3
E3293,Ryan Jackson,1
E3294,James Watson,1
E3295,Mariah Evans,1
E3298,Jordan Camacho,2
E3299,Steven Phelps,2
E3302,Wendy Allen,1
E3303,Stephanie Mcmillan,1
E3304,Danielle Conley,1
E3305,Yvette Blanchard,1
E3306,Paige Miller,5
E3309,Brett Marshall,2
E331,Diana Mcgee,1
E3311,Monique Chen,2
E3312,Jeremy Wallace,3
E3313,Charles Roberts,1
E3314,Nicole Mcfarland,1
E3315,Lydia Lopez,2
E3317,Andrew Hernandez,1
E3318,Thomas Edwards,2
E3319,Vincent Gaines,1
E332,Jessica Alexander,4
E3321,Heather Lopez,2
E3324,Christina Whitaker,1
E3325,Jasmine Rodriguez,2
E3326,Seth Hill,2
E3327,Michael Jackson,2
E3328,Jennifer Barton,1
E3330,Benjamin Kelley,1
E3331,Chris Baker,2
E3333,Susan Anderson,1
E3334,Sheila Choi,1
E334,Christian Jackson,1
E3341,Juan Stewart,1
E3342,Linda Allen,1
E3343,Michelle Davis,1
E3345,Kevin Dougherty,1
E3346,Sara Roberts DDS,2
E3347,Jessica Murray,1
E3349,Patricia Sullivan,3
E3350,Ruth Davis,3
E3352,Christina Dunn,3
E3353,Melissa Benjamin,2
E3354,Kelli White,1
E3356,Sara Guzman,1
E3358,Nathan Wade,2
E3359,Richard Buckley,3
E3361,Leslie Elliott,2
E3363,Brian Adams,2
E3364,Thomas Dawson,2
E3365,Steven Fuller,1
E3367,John Odom,3
E337,Holly Martinez,2
E3371,Paula Jones,1
E3373,Jaclyn Wilcox,1
E3374,Emily Stewart,1
E3375,Richard Thompson,1
E3379,Phillip Johnson,3
E338,Tiffany Munoz,1
E3381,Jade Hughes,2
E3382,Julie Gentry,1
E3383,Angel Lee,4
E3384,Catherine Wheeler,2
E3387,Jesus Brooks,1
E3388,Stephanie Michael,2
E339,Sarah Ryan,1
E3392,Brandon Baker,1
E3393,Mr. William Kirk,2
E3396,Amanda Nash,2
E3397,Aaron Dunn,5
E3398,Ryan Bailey,1
E340,Shawn Mccoy,1
E3400,Jennifer Ruiz,3
E3401,Terry Allen,1
E3402,Patricia Collins,2
E3403,Jennifer Mitchell,2
E3404,Melissa Moon,1
E3405,William Strickland,1
E3407,Emma Kelly,1
E3408,Debra Romero,3
E3410,Richard Wheeler,2
E3411,Brandon Golden,1
E3412,Ian Reid,1
E3413,Danielle Davis,2
E3414,Sarah Morris,1
E3415,Phillip Cooper,1
E3417,Joseph Stone,2
E3418,Hannah Parker,1
E342,Brianna Armstrong,1
E3421,Stephanie Martin,1
E3422,Jon Leach,3
E3424,Matthew Walker,1
E3425,Mary Holmes,3
E3426,Levi Jones,1
E3429,Gavin Wright,1
E343,Joy Sherman,1
E3430,Adam Higgins,1
E3434,John Peterson,2
E3435,Larry Jackson,2
E3436,Amanda Hill,2
E3437,Aaron Nguyen,4
E3439,William Willis,3
E344,Christopher Maxwell,1
E3440,Jennifer Brock,4
E3441,Deborah Booth DDS,1
E3442,Leslie Johnson,1
E3444,Philip Rodriguez,1
E3445,Norma James,1
E3446,Anthony Sanders,2
E3447,Andrea Guerrero,1
E3448,Cindy Brown,2
E3449,Christine Gonzales,1
E345,Luis Jones,2
E3450,Katrina Moore,3
E3451,Stephanie Allen,1
E3452,Jeremy Myers,1
E3453,Kristina Reynolds,1
E3454,Garrett Johnson,2
E3455,Seth Jenkins,1
E3456,Brooke Mathis,1
E3457,Brooke Garcia,1
E3458,Priscilla Long,3
E346,Kristina Colon,2
E3461,Shane Cruz,1
E3462,Andrew Vega,2
E3463,Emily Johnson,2
E3464,Robert Stephens,1
E3466,Susan Henderson,1
E3468,Thomas Hurley,2
E3469,Christopher Sosa,2
E347,Sarah Lee,2
E3470,Colleen Nguyen,2
E3472,Nancy Bennett,2
E3474,Christopher Lambert,2
E3475,Dennis Butler,1
E3477,Roger Lang,1
E3478,Melissa Schmidt,2
E3479,Michelle Thomas,2
E3480,Ashley Peterson,3
E3481,Richard Chandler,3
E3482,Brenda Noble,2
E3485,Nancy Rosario,1
E3486,Dillon Schneider,1
E3489,Tamara Shepherd,1
E3490,Lacey Williams,4
E3491,Wendy Choi,1
E3492,Gloria Jones,1
E3493,Laura Day,1
E3494,Christopher Martinez,2
E3495,Diamond Singh,1
E3497,Joshua Vargas,2
E3500,Brenda Little,1
E3501,Ronald Jackson,5
E3504,Joshua Garcia,1
E3505,Mrs. Elizabeth Lowery DDS,4
E3506,Carlos Robinson,1
E3508,Amber Kim,1
E3509,Christopher Bernard,1
E351,Benjamin Hopkins,4
E3510,Michael Mills,1
E3512,Benjamin Eaton,1
E3513,Andrea Gates,1
E3514,Haley Williams,1
E3515,Kimberly Cobb,1
E3516,Megan Roberts,1
E3517,Christopher Ortiz,1
E3518,Edwin Summers,1
E3519,Ronald Frost,1
E352,Benjamin Alexander,1
E3520,Joshua Olson,3
E3521,Nicholas Brown,1
E3522,Jon Cross,3
E3523,Christina Harmon,1
E3524,Timothy Brennan,1
E3526,Gary Wilcox,3
E3528,Holly Phillips,3
E3529,Jeremy Adams,1
E353,Cody Novak,1
E3530,Brandon Richardson,1
E3531,Rebecca Hooper,2
E3532,Debra Howard,1
E3533,Stephanie Johnson,3
E3535,Megan Newton,2
E3539,Joseph Castro,1
E354,Anthony Patel,2
E3540,Claudia Collins,2
E3541,Blake Lane,3
E3542,Trevor Benson,1
E3543,Cassidy Pham,1
E3544,Brittany Holland,1
E3545,Joseph Flores,1
E3546,Dawn Jones,2
E3547,Emily Cantrell,4
E3548,John Garcia,1
E3549,Sarah Johnson,1
E355,Michael Mann,2
E3550,Daniel Acevedo,2
E3551,Veronica Dean,3
E3552,Anthony Hawkins,2
E3553,Jacqueline Fischer,1
E3554,Tanya Malone,2
E3555,Joshua Reyes,1
E3556,Cody Mccall,1
E3557,Vanessa Williams,2
E3558,Dr. Jesus Lamb,2
E3559,Lisa Campos,2
E356,Jessica Hernandez,1
E3560,Chelsea Curtis,2
E3561,David Johnson,1
E3562,Ryan Vang,1
E3563,Beth Brown,2
E3565,Michael Smith,1
E3566,Michael Collins,1
E3567,Stacey Obrien,1
E3569,Kimberly Dunn,1
E357,Charlotte Rodriguez,3
E3572,Holly Johnson,1
E3573,Brent Lewis,2
E3574,Tamara Wade,2
E3575,Frank Patterson,2
E3579,Kaitlin Hull,1
E3581,Jesse Mullen,1
E3584,Lindsay Ferguson,1
E3585,Nicole Brady,4
E3586,Matthew Jackson,1
E359,Gwendolyn Alexander,1
E3590,Carrie Foster,2
E3591,Alexa Sanders,2
E3592,Joanne Armstrong,2
E3593,Paula Cooper,1
E3595,Christopher Barker,2
E3596,Melanie Lee,2
E3597,Nicholas Miller,2
E3598,Kelly Jenkins,1
E3599,Daniel Cummings,2
E360,Dustin Hanson,2
E3600,Tammy Smith,1
E3601,Aaron Miller,2
E3603,Carrie Jones,2
E3604,Christian Sparks,2
E3607,Jill Williamson,1
E3608,Jill Wilson,1
E3611,Laurie Martin,1
E3614,Steven Daniels,2
E3617,Ryan Ayala,1
E3618,Luis Edwards,1
E3619,Katherine Nguyen,1
E362,Michael Harper,1
E3620,James Harris,3
E3621,Justin George,1
E3623,Mark Campbell,2
E3624,Darlene Snyder,1
E3625,Erika Mills,1
E3626,Stephanie Mccarthy,2
E3629,Diamond Myers,1
E363,Jennifer Miller,1
E3630,Sandy Hughes,1
E3631,Sheri Brown,1
E3632,Mr. Joseph Ochoa,1
E3633,Michelle Bowen,1
E3636,Phillip Hale,1
E3637,Emily Hendricks,1
E3638,Benjamin Baker,1
E3639,James Sherman,3
E364,Pam Jones,2
E3640,Christopher Hancock,1
E3641,Daniel Rose,1
E3642,Lori Peters,1
E3644,Amanda Davis,1
E3645,Cesar Pitts,1
E3646,Stacy Barnes,1
E365,Dr. April Garcia DVM,2
E3650,Sharon Miller,1
E3651,Destiny Patterson,1
E3652,Gary Mendoza,4
E3653,Austin Garrett,1
E3654,Billy Smith,1
E3655,Lindsey Hill,1
E3657,Jennifer Miller,3
E3658,Kristin Kline,2
E3659,Jason Hawkins,1
E366,Amy Anderson,1
E3660,Tina Jones,2
E3662,Victoria Ramirez,2
E3664,Scott Oliver,1
E3665,Mrs. Ashley Blankenship,1
E3667,Todd Woodward,2
E367,Andrea Lee,1
E3670,Lisa Moore,1
E3671,Ashley Garcia,1
E3672,Emily Richard,1
E3673,Julie Golden,3
E3675,Amy Smith,2
E3676,Alex Young,2
E3678,Charles Smith,2
E3679,Penny Clark,1
E368,Nancy Mcbride,1
E3682,Gregory Thompson,2
E3684,Jennifer Shaffer,1
E3685,Gabriel Hahn,3
E3688,Regina Cohen,2
E3689,Julie Carroll,2
E3690,Linda Collins,1
E3691,Nathan Levine,2
E3692,Ms. Megan Sheppard,1
E3694,Heidi Ramirez,2
E3695,Kristin Jones,2
E3697,Sara Watson,3
E3699,Robin Thompson,2
E370,Tiffany Walker,3
E3701,Lisa Tate,1
E3702,Sean Lynn,1
E3706,Steven Smith,1
E3708,Bethany Garrett,1
E3709,Antonio Lucas,1
E371,Bradley Moore,1
E3710,John Barnett,2
E3711,Jeremy Roberson,1
E3712,Mr. Joseph Lee,1
E3714,Robert Holt,2
E3716,George Lopez,1
E3718,Amanda Martinez,1
E3721,Megan Anderson,1
E3722,Justin Foster,2
E3723,Brian Baxter,1
E3724,Charles Green,2
E3725,Michelle Smith,1
E3726,Heather Wood,1
E3728,Emma Santos DVM,2
E3731,Diane Lloyd DVM,1
E3733,Jennifer Williams,1
E3734,Joshua Pollard,1
E3735,Michael Carter,2
E3736,Brian Walker,1
E3738,Beth Baker,2
E3739,Jasmine Mclean,1
E374,Kevin Bennett,1
E3740,Edwin Hicks,1
E3741,Katelyn Weber,1
E3742,Derek Long,2
E3744,Robert Ellis,2
E3745,Wendy Benson,3
E3747,Steven Suarez,3
E3748,Holly Blankenship,1
E3749,Paul Henderson,2
E3751,Mr. Robert Hughes,1
E3753,Ashley Thomas,2
E3754,Brad Jackson,1
E3755,Susan Wade,1
E3758,Austin Khan,3
E376,Austin Thompson,1
E3760,Jenna Clark,1
E3761,Tammy Mccarthy,5
E3762,Beverly Atkinson,2
E3763,Gina Long,1
E3764,Joshua Murphy,2
E3765,Jesus Dodson,1
E3767,Dorothy Stone,1
E3769,Rebecca Sandoval,1
E377,Micheal Henderson,1
E3770,Timothy Smith,1
E3772,Anthony Vaughn,1
E3773,Patrick Hernandez,2
E3776,Sarah Freeman,1
E3777,Kiara Robinson,1
E3780,Michael Harris,1
E3781,Scott Thompson,2
E3782,Kimberly Parsons,3
E3783,Holly Stark,1
E3785,Kristie Gamble,1
E3786,Michael Fox,1
E3788,Michelle Conway,3
E3789,Shannon Smith,2
E379,Debbie Gray,2
E3790,Randall Moore,2
E3791,Ms. Laura Jones,2
E3792,Todd Erickson,2
E3793,Jack Berry,1
E3794,Ashley Steele,1
E3796,George Gomez,1
E3798,Jason Matthews,2
E3799,Jennifer Mccoy,3
E380,Lori Adams,2
E3800,Tamara Wood,3
E3803,Mark Fletcher,2
E3804,Edward Bryant,2
E3807,Jason Patterson,1
E3808,William Thornton,2
E3809,Michelle Garza,1
E381,Christine Adams,1
E3810,Rachel Norton,3
E3812,Ryan Roberson,2
E3813,Justin Cruz,2
E3814,Richard Diaz,2
E3816,Morgan Dunn,1
E3818,Rodney Barr,1
E3819,Caleb Case,1
E3822,Samantha Monroe,2
E3826,Lindsey Bruce,1
E3827,Marissa Campbell,2
E3828,Leonard Stewart,3
E3829,Catherine Boyd,1
E383,Sharon Mccarty,2
E3831,Warren Ho,1
E3832,Ashley Chandler,1
E3835,Bradley Avila,1
E3836,Joshua Smith,2
E3837,Kevin Morris,1
E3838,Steven Graham,2
E3840,Katherine Adams,2
E3841,Haley Hill,2
E3842,Kenneth Frederick,2
E3843,Timothy Smith,3
E3844,Diane Sims,2
E3846,Peter Cruz,1
E3849,Michelle Chung,1
E385,Marco Gonzalez,2
E3850,Matthew Rogers,1
E3852,Larry Scott,1
E3853,Katrina Smith,2
E3855,Rachael Patterson,3
E3857,Ronald Madden,1
E3858,Kathleen Jones,2
E386,Teresa Lucas,1
E3860,Gregory Estes,2
E3862,Lucas Hughes,1
E3863,Kenneth Benjamin,1
E3866,Matthew Smith,1
E3867,Melissa Johnson,1
E3868,William Howard,2
E3869,Becky Collier,1
E387,Peter Webster,2
E3871,Alisha Jarvis,2
E3872,Denise Morris,3
E3874,Scott Berger,1
E3875,Kenneth Powell,1
E3876,Thomas Robinson,1
E3877,Betty Ellison,3
E3879,Madison Salinas,2
E3880,John Gomez,3
E3881,Eric Gonzalez,1
E3882,Angela Holmes,2
E3883,Kyle Holloway,1
E3884,Scott Powers,1
E3888,Meghan Ruiz,2
E3889,Timothy Smith,1
E389,Richard Gomez,1
E3890,David Rodriguez,2
E3894,Terry Miller,3
E3895,Kristina Garcia,1
E3896,Nicholas Peterson,1
E3898,Alan King,2
E3899,Krystal Best,2
E390,Justin Perez DDS,1
E3900,Melanie Simon,4
E3901,Eric White,3
E3902,Michele Crawford,1
E3903,Stephen Buchanan,1
E3904,Brittany Burke,1
E3905,Michael Jenkins,1
E3906,Mary Lee,3
E3907,Bryan Reyes,1
E3911,Morgan Valenzuela,1
E3912,Thomas Page,3
E3913,Melissa Beasley,2
E3914,William Ward MD,3
E3915,Dylan Tucker,1
E3916,Dana Lee,5
E3917,Joanne Deleon,1
E3918,John Montgomery,1
E3919,Jennifer Ibarra,2
E392,Patricia Morrison,1
E3920,Kayla Moore,2
E3921,Elizabeth Robinson,1
E3922,Debra Hayes,1
E3923,Judith Davidson,2
E3924,Brett Jones,4
E3925,Jenny Carter,2
E3926,Alison Rose,2
E3927,Stephanie Beck,4
E3929,Emma Ward,1
E393,Erin Jones,2
E3931,Tammy Quinn,2
E3932,Tara Brown,1
E3933,Mary Huang,2
E3935,Joseph Russell,1
E3936,Jim Juarez,1
E3937,Benjamin Kim,2
E3939,Karen Long,1
E3943,Randall Miller,1
E3944,Sherry Walker,3
E3946,Charles Ramos,5
E3947,Lindsey Vaughn,4
E3948,Patricia Walter,1
E395,Rachel Price,6
E3950,Alexis Meyer,1
E3951,Beth Reyes,1
E3952,Frank Miller,1
E3953,John Ortiz,3
E3954,Kristen Jennings,3
E3955,John Cervantes,1
E3956,Rebecca Davis,1
E3957,Billy Woodard,1
E3962,Shannon Kent,1
E3967,Jennifer French,2
E3968,Donna Blackwell,1
E3969,Christopher Stafford Jr.,1
E397,Lisa Peters,1
E3970,Hunter May,1
E3972,Nicole Gonzales,1
E3973,Jason Thomas,3
E3975,Shelia Johnson,1
E3977,James Ellis,1
E3978,Michael Davis,2
E3979,Brett Fischer,1
E398,Mrs. Rebecca Whitney,2
E3980,Tammy Shannon,2
E3981,Angela Buchanan,2
E3982,Rebecca Taylor,1
E3983,Jay Melton,2
E3984,Lorraine Wall,1
E3985,Bryan Carey,2
E3987,Daniel Thompson,2
E3988,Samantha Anderson,1
E399,Kristin Edwards,2
E3990,Brandon Jenkins,1
E3991,Amy Robles,1
E3992,Joseph Sharp,1
E3993,Andrew Morgan,2
E3994,Regina Edwards,1
E3998,Kristin Velasquez,2
E3999,John Mitchell,2
E4000,David Bishop,1
E4001,Brianna Weiss,1
E4002,Dana Anderson,2
E4004,James Chapman,1
E4005,Gary Smith,1
E4007,Amanda Johns,3
E4008,Matthew Harris,2
E4009,Joseph Graham,1
E401,Frederick Brewer,1
E4010,Ariana Bates,2
E4011,Nathan Acevedo,2
E4013,Anthony Dyer,3
E4014,Cody Williams,1
E4015,Carmen Woods,1
E4016,Nicole Torres,2
E4017,Steven Burnett,1
E4018,Anthony Aguilar,3
E4019,Jonathan Turner,5
E4020,Meredith Wilson,1
E4021,Dana Walker,1
E4022,Carl Wolfe,1
E4023,Hannah Hamilton,1
E4025,Joseph Wilkinson,1
E4026,Kevin Alexander,2
E4027,Richard Banks,1
E4028,Melanie Hoover,2
E4029,Sara Johnson,1
E403,Brett Schmidt,2
E4030,Jacqueline Miller,2
E4031,Tracey Dodson,1
E4032,Kelsey Roberts,1
E4033,Michael Williams,5
E4034,Sandra Snyder,4
E4035,Laurie Miles,2
E4037,Xavier Dixon,1
E4038,Tracy Mathews,1
E404,Joseph Kennedy,1
E4041,Kimberly Waters,1
E4042,Robin Scott,1
E4044,Russell Griffin,3
E4045,Nathan Marquez,1
E4046,Jason Kennedy,1
E4047,Patricia Norton,1
E4049,Craig Compton,3
E405,Mr. Jason Marshall,2
E4050,Christopher Alvarez,1
E4051,Vincent Yang,2
E4053,John Knapp,1
E4054,Stephen Tran,1
E4055,Vincent Washington,1
E4057,Lacey Lynch,2
E4058,Ruth Williams,1
E4059,Maria Fritz,1
E406,Allison Rogers,1
E4061,Edward Hernandez,1
E4062,Matthew Monroe,5
E4065,Nicholas Schroeder,1
E4068,Christopher Johnson,1
E4070,Cassidy Barnes,1
E4071,Jesse Schmitt,1
E4073,Michael Jones,1
E4074,Thomas Martin,1
E4075,Danielle Bauer,2
E4076,Zachary Thornton,1
E4077,Angela Weiss,2
E4078,Jeffrey Rodriguez,2
E408,Andrew Davis,2
E4080,Kelli Matthews,2
E4081,Stephen Lewis,1
E4083,Greg Lopez,1
E4084,Morgan Mitchell,1
E4085,Daniel Hoffman,1
E4087,Rachel Berger,2
E409,Richard Brooks,1
E4090,Kimberly Adams,3
E4091,Darin Green,1
E4092,Todd King,2
E4093,Susan Coleman,3
E4096,Deborah Fisher,1
E4097,Denise Harris,3
E4098,Daniel Petty,1
E4099,Samantha Fox,1
E410,Jennifer Roy,3
E4101,Samantha Barnes,1
E4102,Jason Moore,1
E4104,Christina Garcia,3
E4105,Troy Leon,1
E4106,Vanessa Cooper,2
E4109,Michael Olsen,1
E4111,Donald Henderson,2
E4116,Shelby Ballard,1
E4117,Krista Bridges,1
E4118,Rachel Mcconnell,2
E4120,Julie Butler,2
E4122,Heidi Boyd,1
E4123,Casey Vasquez,1
E4124,Casey Miranda,1
E4125,Sara Austin,2
E4128,Stacy Marshall,1
E4129,Aaron Hayes,2
E413,Danielle Galvan,1
E4130,Gregory Lawrence,2
E4131,Jonathan Huber,3
E4132,Justin Monroe III,1
E4133,Melissa Smith,2
E4134,Adam Holmes,1
E4135,Mrs. Natalie Harris,1
E4137,Monique Jones,2
E4138,Alex Villa,1
E4139,Krystal Avila,1
E414,Dominique Smith,4
E4140,Alexis Campbell,1
E4142,Jacob Cruz,2
E4143,Stephanie Harris,1
E4146,Nicole Powell,1
E4147,Lance Rodriguez,3
E4148,James Hall,3
E4149,George Olsen,2
E415,Robert Richardson,2
E4150,Hector Williams,1
E4151,Colleen Flowers,3
E4152,Nicole Good,1
E4153,Julie Thomas MD,1
E4154,Willie Mendez,1
E4155,Ryan Washington,1
E4157,Richard Smith,2
E4160,Larry Bautista,1
E4161,Aaron Medina,3
E4162,Allison Gonzalez,1
E4163,Steven Crawford,2
E4165,Kathleen Sampson,3
E4166,Monica Foster,2
E4167,Jose Howe,2
E4168,Randy Novak,1
E4169,Bridget Williams,2
E4170,Sheila Houston,1
E4172,Elizabeth Ryan,1
E4173,Michael Stanton,2
E4174,Paula King,3
E4175,Michelle Santiago,1
E4176,Ryan Dyer,3
E4178,Brittany Ruiz,2
E418,Juan Hicks,1
E4183,Lucas Villa,1
E4184,Jeffrey Barnes,3
E4185,Vincent Beck,2
E4188,Darren Wang,2
E4189,Kelly Potter,1
E419,Rebecca Anderson,1
E4190,Marissa Santos,1
E4191,Amanda Garrett,1
E4192,Michelle Friedman,1
E4194,Samantha Butler,1
E4196,Olivia Sweeney,4
E4197,Katelyn Santiago,1
E4203,Jessica Carr,2
E4205,Rachael Ward,2
E4207,Joshua Moses,4
E4209,Stacy Baker,3
E4210,Lisa King,1
E4211,Ruth Robertson,1
E4212,Mark Raymond,1
E4213,Michael Jackson,1
E4214,Michelle Myers,1
E4215,Nancy Robinson,3
E4216,Barry Conner,1
E4217,Angela Long,3
E4218,Stephanie Wilson,1
E422,Cynthia Allen,2
E4220,Kenneth Navarro,2
E4221,Lori Chandler,2
E4223,Jason Lawson,1
E4225,Cory Perez,2
E4226,Terry Wilson,1
E4227,Alexandria Williams,2
E423,Daniel Gonzales,1
E4231,Tiffany Glover,2
E4234,Colleen Campbell DVM,1
E4235,Melissa Velez,1
E4238,Juan Calhoun,2
E4239,Ronnie Solis,2
E4241,Roger Lynch,1
E4242,Cindy Olson,3
E4243,Luke King,2
E4245,Jennifer Navarro,2
E4247,Kenneth King V,1
E4248,Stephen Maldonado,2
E4249,Jaclyn Robinson,4
E425,Jeffrey Thompson,2
E4251,Robert Fisher,3
E4256,Andrew Fowler,3
E4258,Veronica Hood,1
E4259,Robert Brewer,2
E426,Julie Phillips,2
E4260,Gilbert Gutierrez,2
E4261,Olivia Hurley,1
E4263,Chelsea Alexander,2
E4264,Kristin Walker,1
E4268,Chad Lee,2
E427,Brittany Martinez,2
E4271,David Leon,1
E4273,Brendan Yu,1
E4274,Michael Weiss,3
E4278,Monica Castaneda,2
E4279,Bernard Johnson,2
E4280,Jordan Robertson,1
E4281,Matthew Fox,3
E4282,Melissa Pham,6
E4283,Mr. Jeremy Wagner,1
E4284,Colin Roy,1
E4285,Glenda Bennett,2
E4286,Sara Bean,1
E4287,Tammy Moran,4
E4288,Peter Avery,3
E429,Shawn Williams,1
E4290,Natalie Johnson,1
E4291,Perry Kelly,1
E4294,Mr. John Jefferson IV,3
E4295,Kathleen Rogers MD,2
E4296,Scott Weber,1
E4298,Randy Hess,1
E4300,Stephanie Torres,3
E4301,Joanne Davenport,1
E4302,Grace Allen,2
E4303,Casey Coleman,1
E4304,Thomas Williamson,2
E4305,Andre Vang,2
E4306,Laurie Burns,2
E4307,Christine Brown,2
E4310,Scott Snyder,1
E4311,Joe Gutierrez,3
E4312,Stanley Collins DDS,1
E4313,Eric Barrera,2
E4314,Edward Young,3
E4315,Courtney Griffith,1
E4316,Jacob Bradley,1
E4319,Ryan Guzman,1
E4320,George Ramirez,3
E4323,Amy Green,1
E4326,Michael Webb,3
E4327,Mrs. Jasmine Rogers,2
E4328,Dr. George Mack,3
E4329,Ryan Barnes,1
E433,Sarah Peterson,3
E4330,Emily Hess,1
E4331,James Erickson,1
E4334,Timothy George,2
E4335,Jennifer Ramirez,2
E4336,Jessica Hanson,2
E4338,Zachary Phillips,1
E4339,Victor Griffin,3
E4340,Michael Maldonado,3
E4342,Kelly Rodriguez,1
E4343,Mary Clark,2
E4344,Eric Cole,1
E4345,Rebecca Evans,2
E4348,Kristy Vega,1
E4349,Mark Moss,1
E435,Desiree Garcia,1
E4351,Kristen Peterson,1
E4352,Mark Galloway,3
E4353,Nathan Ochoa,1
E4355,Kathryn Haney,2
E4356,Isaac Williams,2
E4357,Benjamin Phillips,3
E4358,Ronald White,1
E4359,Jimmy Smith,1
E436,Linda Mosley,2
E4361,Theresa Garcia,2
E4362,Carlos Gallegos,2
E4363,Kimberly Smith,1
E4366,Johnny Horton,1
E4368,Cheryl Marshall,1
E437,Christina Sanders,2
E4371,Tammie West,2
E4372,Edward Watson,2
E4373,Christine Choi,1
E4374,Megan Bell,2
E4375,Terry Murray,1
E4376,Catherine Williams,1
E4378,Brianna Davis,2
E438,Nicholas Matthews,1
E4380,Bryce Hernandez,2
E4382,Brandon Collier,1
E4386,Nathan Cox,1
E4388,Cynthia Johnson,3
E4389,Chad Bowman,1
E439,Alexa Castro,1
E4395,Dakota Farrell,1
E4397,Yvonne Martinez,1
E4398,Carla Hester,1
E4399,Heather Gordon,1
E440,Louis Carroll,1
E4401,Patricia Smith,3
E4406,Ashley Hicks,3
E4407,Dean Liu,2
E4408,Steven Fry,2
E4409,Isabel Parker,1
E441,Kimberly Lopez,2
E4411,Melinda Carpenter,3
E4413,Nancy Stone,1
E4414,David Garcia,4
E4416,Teresa Ferguson,3
E4417,Patrick Wright,2
E4418,Felicia Wheeler,1
E442,Claire Willis,1
E4420,Mrs. Veronica Carlson DDS,1
E4421,Angela Bennett,2
E4422,Kerry Brooks,1
E4423,Ricky Stevenson,1
E4424,Anna Hunt,1
E4425,Walter Parker,1
E4426,David Larsen,1
E4427,Alex Gentry,4
E443,Manuel Byrd,1
E4430,Veronica Jensen,1
E4432,Stephanie Hernandez,4
E4433,Mary Gordon,2
E4435,Jim Robinson,2
E4436,Christopher Johnson,5
E4437,Jason Velazquez,2
E4438,Julie Gaines,3
E4439,Sarah Walter,1
E444,Sandra Gutierrez,3
E4443,Cody Giles,2
E4444,Zachary Salazar,1
E4449,Evelyn Khan,1
E445,Jasmine Williams,3
E4451,Richard Robinson,3
E4452,Chelsea Smith,1
E4453,Taylor Fuller,2
E4455,Todd Ford,3
E4456,Courtney Wallace,1
E4457,Melinda Johnson,1
E446,Oscar Rogers,3
E4463,Robert Hayes,1
E4464,Erin Taylor,1
E4465,Christopher Moody,2
E4467,Breanna Park,1
E4468,Heather Ross,1
E447,Craig Cuevas PhD,2
E4470,Michael Harris,2
E4472,Timothy Williams,1
E4473,Robin Friedman,2
E4474,Jasmine Wilson,1
E4475,Dana English,1
E4478,Michael Burton,2
E448,Michelle Robbins,1
E4480,Tina Bush,3
E4481,Austin Durham,1
E4484,Brandon Sanders,1
E4486,Laura Baxter,2
E4488,Stephen Williams,3
E4489,Joshua Fowler,2
E4490,Taylor Ruiz,1
E4492,Jesse Thompson,3
E4493,Samuel Brown,2
E4494,Patricia Johnson,2
E4495,Rebecca Lopez,1
E4497,Sarah Garcia,1
E4498,Kenneth Thomas,2
E450,Gina Williams,2
E4501,Brian Jordan,2
E4502,Carly Payne,5
E4503,Marie Benton,2
E4504,Susan Peterson,3
E4505,Dylan Peters,1
E4506,Curtis Hernandez,1
E4508,Ryan Fuller,1
E4509,Peggy Matthews,2
E451,Gary Ponce,2
E4510,Nicholas Jackson,3
E4511,Michelle Mcintyre,1
E4513,Cesar Ellis,1
E4514,Katelyn Gallegos,1
E4515,Michael Meza,2
E4516,Summer Kidd,2
E4517,Fernando Sawyer,1
E4518,Andrew Smith,2
E452,Elizabeth Johnson,2
E4521,Kevin Clayton,1
E4522,Mr. Christopher Richards,3
E4523,David Reed,1
E4524,Bryan Harris,4
E4525,Justin Oconnor,2
E4528,Jennifer Castro,1
E4529,Benjamin Miller,1
E4530,David Carpenter,1
E4532,Frank Cardenas,2
E4533,Andrea Blevins,1
E4534,Amy Walter,2
E4535,Adrian Suarez,4
E4536,Madison Barton,1
E4537,Melissa Griffin,2
E4539,Amanda King,1
E454,Benjamin Hogan,1
E4540,Dr. Lori Burton,1
E4543,Susan Case,3
E4544,Seth Gillespie,1
E4546,Traci Patterson,1
E4548,Jeremy Rodriguez,1
E455,John Wright,1
E4552,Rebecca Murray,1
E4553,Olivia Woods,1
E4555,Sheila Alexander,1
E4556,Amy Humphrey,2
E4557,Laurie Hernandez,2
E4559,Philip Ballard,2
E456,William Torres,3
E4560,Linda Davis,1
E4561,Jeffery Douglas,1
E4562,Russell Bell,1
E4563,Harold Nichols,1
E4565,Javier Torres,1
E4566,Kelly Winters,1
E4567,Beverly Mcgrath,1
E4568,Daniel Dunn,1
E4569,Anthony Adams Jr.,1
E457,Jennifer Vasquez,1
E4570,Jessica Chung,1
E4573,Michael Lewis MD,1
E4574,Rebecca Leonard,2
E4575,Anthony Allen,3
E4577,Julia Buchanan,1
E4578,Tara Jordan,1
E458,John Martinez,3
E4580,Melissa Kerr,1
E4582,Rick Nelson,2
E4584,Brent Jones,1
E4585,Tracy Evans,1
E4586,Kayla Cruz,1
E4587,Richard Moreno,1
E4589,Sara Smith,1
E459,Leah Lee DDS,4
E4590,Rebekah Foster,2
E4592,Nathan Combs,2
E4593,Laura Jimenez DDS,1
E4594,Gina Ramirez,2
E4595,Brian Smith,1
E4597,Joel Adams DDS,2
E4598,Nicole Ayala,2
E4599,Marisa Allen,3
E4601,James Swanson,1
E4602,Andrew Morris,3
E4604,Rodney Aguirre,1
E4605,Elizabeth Pope,3
E4606,Ian Cobb,2
E4607,April Jordan,1
E4610,Matthew Adkins,3
E4611,Thomas Sherman,4
E4613,Christopher Kim,2
E4614,Matthew Martin,2
E4615,Todd Strong,2
E4617,Amanda Taylor,1
E4618,Ricky Chavez,1
E462,Faith Espinoza,1
E4620,Rachel Perry,1
E4621,Robert Ponce,2
E4623,Danielle Coleman,1
E4624,Mr. Michael Andersen,1
E4625,Thomas Wilson,1
E4626,Bradley Daugherty,1
E4627,Thomas Deleon,3
E4628,Veronica Daniel,2
E4629,Dr. Mary Jones,5
E463,Wanda George,2
E4630,Darryl Zuniga,1
E4632,Matthew Gilbert,1
E4637,Danielle Henderson,2
E4638,Jennifer Roberts,2
E4639,Samantha Jones,1
E464,Katherine Ward,1
E4640,Erica Schmidt,1
E4643,Laura Herrera,3
E4647,William Garcia,1
E4648,James Barrera,1
E4649,Jennifer Wiggins,1
E465,Jonathan Hernandez,3
E4650,Jeremy Howe,2
E4651,Terri Cole,1
E4653,Lawrence Delacruz,1
E4655,Erin Thompson,1
E4656,Joseph Sandoval,2
E4657,James Turner,2
E466,Laura Hamilton,2
E4660,Roy Wolf,1
E4661,Roger Richardson,1
E4663,Christina Hickman,1
E4664,Ryan Dickson,1
E4665,Luis Miller,1
E4667,Jessica King,3
E4668,Judy Welch,1
E467,Brooke Griffin,4
E4670,Rebekah Goodwin,2
E4671,Barbara Shepherd,2
E4673,Leslie Russo,2
E4674,Patricia Lopez,1
E4676,Francisco Berry,1
E4677,Christopher Newton,2
E4678,Elizabeth Nguyen,2
E4679,Donna Davis,2
E468,Regina Wilson,3
E4680,Nicole Santos MD,1
E4682,Jonathan Gray,1
E4684,Caitlin Sanchez DDS,2
E4686,Kenneth Riley,2
E4688,Michelle Hill,3
E4689,Melvin Jimenez,3
E4690,Krista Walker,3
E4691,Amanda Ramirez,3
E4692,Melissa Morton,1
E4693,Kimberly Martin,1
E4694,Laurie Maddox MD,2
E4695,Matthew Stephens,1
E4696,Lauren Wise,1
E4698,Kimberly Wiggins,1
E470,Robin Nelson,2
E4700,Kyle Blankenship,2
E4701,William Blankenship,2
E4702,Ashlee Wong,2
E4704,Sabrina Johnson,1
E4705,Kevin Smith,1
E4706,Marc Hess,1
E4709,Shannon Johnson,1
E471,Jessica Perry,4
E4710,William Barber,1
E4711,Amanda Kim,1
E4713,John Adams,1
E4714,Rachel Jones,2
E4717,Jessica Nguyen,1
E4718,Ryan Rivera,2
E472,Eric Schmidt,1
E4720,John Humphrey,1
E4724,Christine Johnson,2
E4725,George Anthony,2
E4726,Deborah Poole DDS,3
E4728,Jeffrey Peters,1
E4729,Jon Cardenas,1
E4730,Timothy Brewer,1
E4733,Mark Vasquez,1
E4734,Kimberly Robinson,2
E4735,Sheryl Bennett,1
E4736,Michael Lozano,1
E4738,Emily Bryant,2
E474,Brian Lee,1
E4741,Carrie Cook,3
E4743,Steven Smith,1
E4744,Luis Stewart,1
E4745,Gordon Williams,3
E4747,Chad Jackson,1
E4748,Molly Barnes,2
E475,Mark Jackson,4
E4750,Marco Wagner,2
E4752,Eddie Hayes,1
E4753,Amy Moreno,1
E4757,Tracey Herrera,1
E4759,Alexa Simmons,1
E4761,Toni Stephens,1
E4763,Rachel Stephens,2
E4765,Katrina Oliver,4
E4766,Stacy Smith,2
E4767,Sergio Prince,1
E4768,Debra Mcintosh,2
E4769,Wesley Salazar,1
E477,Brittany Dyer,2
E4770,Catherine Schneider,2
E4771,Julie Taylor,2
E4772,Ricky Newman,1
E4774,Taylor Hodge,3
E4775,Melanie Wheeler,1
E4776,Mackenzie Wheeler,1
E4778,Frances Holt,1
E478,Carrie Gallegos,1
E4782,Jessica Huff,2
E4785,Barbara Ellis,1
E4786,Ricky Randolph MD,2
E4787,Taylor Chambers,1
E479,Crystal Sanchez,1
E4790,Emily Dickerson,1
E4791,Erika Wood,1
E4792,Bridget Shaw,2
E4794,Lisa Hall,2
E4795,Patrick Gibson,1
E4796,Dylan Peterson,1
E4797,Kayla Strickland,1
E4799,Valerie Hanson,2
E4800,Sarah Sawyer,3
E4801,Michele Hall,1
E4806,Emily Compton,2
E4807,Leroy Reyes,1
E4809,Jill Patrick,2
E481,Melanie Cooke,3
E4811,Mark Hall,1
E4812,Carrie Horton,1
E4814,Donna Butler,2
E4815,Lori Hansen,2
E4816,Joshua Crosby,2
E4817,David Fisher,1
E4819,Paul Sims,1
E482,Michael Gutierrez MD,1
E4820,Lisa Hunt,1
E4821,Philip Romero,2
E4822,Bailey Anderson,2
E4823,Sean Edwards,1
E4824,David Williams,2
E4825,Mrs. Valerie Thompson,1
E4826,Jennifer Booth,2
E4827,Jessica Miller,1
E4828,Angela Dunn,1
E4829,Todd Gonzalez,1
E483,Sean Lynn,1
E4831,Andrew Browning,2
E4833,Julie Clark,1
E4837,Christopher Webster,1
E4838,Sheila Reyes,1
E4839,Grant Smith,1
E4840,Austin Chapman,1
E4841,Becky Ellis,1
E4843,Cassie Gutierrez,1
E4844,Joshua Allen,2
E4846,Angela Schneider,2
E4847,John Johnson,2
E4848,Evan Benitez,1
E4849,Angela Griffin,2
E4850,Jonathan Gomez,1
E4851,Ronald Carey,3
E4852,William Collins,1
E4855,Victoria Dixon,2
E4856,Mrs. Danielle Vincent MD,1
E4857,Tina Newman,2
E4859,Jennifer Roberts,1
E486,Erin Williams,1
E4860,Natalie Brady,1
E4861,Wesley Wilson,2
E4862,Jacob Anderson,1
E4864,Michael Bennett,2
E4865,Ann Roberts,2
E4866,Sara Cummings,1
E4867,Kimberly Owens,3
E487,Sean Garcia,1
E4870,April Anderson,1
E4871,Corey Jones,2
E4872,Sarah Austin,3
E4875,Michelle Rice,1
E4877,Christopher Allen,2
E4878,Shirley Atkins,2
E4879,Ashley Watkins,1
E4880,Gregory Castro,1
E4881,Danielle Kelly,1
E4882,Joseph James,1
E4883,Matthew Walker,2
E4884,Joshua Brooks,2
E4885,Kevin Dixon,1
E4886,Tammy Newton,2
E4888,David Hammond,3
E4889,Alicia Wright,1
E4890,Scott Lee,5
E4891,Joshua Francis,2
E4893,Kimberly Lopez,3
E4894,Jeremy Kelly,2
E4898,Charles Cooper,3
E490,Timothy Cook,2
E4900,Stephanie Atkinson,1
E4903,Jason Williams,1
E4904,Gina Hancock,4
E4905,Erik Duncan,2
E4906,April Rodriguez,2
E4907,Eric Flores,1
E4908,Ryan Brooks,1
E491,Jamie Fisher,2
E4910,Carrie Greene,1
E4913,Lindsey Johnson,2
E4915,Kelly Smith,1
E4916,Matthew Sullivan,2
E4918,Ronald Luna,3
E492,Gregory Adams,1
E4920,Sylvia Patton,1
E4921,David Keller,1
E4922,Erik Jones,2
E4923,Douglas Kelly,1
E4924,Michelle Stone,1
E4925,Jessica Lawson,2
E4926,Marie Lynch,2
E4927,Barbara Jennings,1
E4928,Justin Schultz,1
E493,Cameron Thomas,3
E4933,Amanda Montgomery,1
E4934,Daniel Krause,2
E4935,Alexandria Lopez,1
E4936,Julie Jones,2
E4937,Cheyenne Rogers,2
E494,Monica Harris,4
E4941,Mary Williamson,3
E4942,Jennifer Bailey,1
E4943,Ann Mullins,2
E4944,Robert Castillo,1
E4945,Brittney Collins,1
E4946,Nicole Hudson,1
E4947,Peter Roberts,2
E4949,James Gallagher,2
E495,Johnny Jensen,2
E4950,Mark Miller,1
E4952,Scott Cherry,1
E4953,Melinda Gordon,2
E4955,Nicholas Perez,2
E4957,Joseph Cisneros,1
E4958,April Davis,1
E4959,Mario Park,1
E496,Jacqueline Martin MD,3
E4960,Cody Johnson,1
E4961,Rhonda Trujillo,1
E4962,John Hunt,3
E4965,Cindy David,2
E4969,Chelsea Reeves,4
E497,Troy Gonzalez,1
E4971,Debra Ray,4
E4972,Penny Adkins,2
E4973,Gary Buckley,1
E4974,Jason Deleon,1
E4975,Donna Carter,1
E4976,Monica Garcia,1
E4978,Stacey Chavez,2
E4979,Todd Williams,2
E498,Michelle Randall,1
E4980,Eric Peterson,1
E4983,Cole Myers,1
E4984,Joseph Ryan,1
E4985,Donna Moore,2
E4986,Keith Morris,2
E4987,Joshua Castillo,1
E4988,Danielle Huff,2
E4989,Teresa Perry,1
E4991,Melissa Ashley,1
E4993,Sandra Charles,1
E4994,Ian Macdonald,1
E4995,Samantha Oconnell,2
E4997,Robert Shelton,1
E4998,Carlos Riley,1
E4999,Jerry Newman,1
E500,Sheri Black,1
E502,Jessica Horton,3
E503,Jesse Chavez,3
E504,Troy Duncan,1
E506,Brian Maddox,3
E507,Brandy Woods,2
E508,Doris Carey,3
E509,Jessica Davis,1
E510,Michael Valdez,2
E511,Jack Murphy,1
E514,Gabrielle Jenkins,1
E515,Eric Mcdonald,1
E516,Steven Brown,1
E517,Elizabeth Young,2
E518,Sandra Garcia,2
E520,Kevin Edwards,2
E521,Mark Jackson,2
E522,Christopher Mendoza,2
E523,Dr. Ronald Brady,2
E525,Mario Adams,3
E526,Keith Patterson,2
E527,George Weber,1
E530,Deborah Calhoun,2
E531,Walter Johnson,3
E532,Daniel Rivas,1
E533,Jacob Farmer,1
E537,Jennifer Jones,1
E538,Rachael Alvarez,4
E539,Patrick Cannon,2
E540,Harold Bartlett,1
E543,Mrs. Vanessa Robertson,1
E544,John Miller,1
E545,Mrs. Patty Simmons,1
E546,Cynthia Thomas,1
E548,Christine Mccullough,1
E551,Vanessa Sanders,1
E552,Luis Contreras,1
E553,Johnny Perez,1
E558,Amanda Green,1
E559,Angela Meyer,2
E560,Steven Strong,2
E561,Holly Anderson,2
E562,Thomas Hurley,2
E563,Jessica Contreras,1
E564,James Petty,1
E565,Dr. Chelsey Wallace,3
E567,Joseph Rogers,2
E570,Erin Thompson,3
E571,Richard Norris,1
E572,Crystal Gonzalez,2
E574,Patricia Hays,3
E575,Melinda Mills,1
E576,Jonathan Ross,2
E577,Vicki Peters,4
E580,Paul Cooley,1
E582,Kristen Dominguez,1
E583,Kristin Thomas,1
E589,Kurt Sanchez,1
E590,David Castillo,1
E591,Mrs. Paula Baker,1
E592,Angela Jones,1
E593,Danielle Thomas,2
E594,Jorge Brown,1
E595,Phillip Howard,1
E599,Jessica Campbell,2
E600,Paul Johnson,2
E601,Doris Roman,1
E604,John Gregory DDS,3
E605,Christian Ross,2
E606,Brian Campbell,1
E607,Mitchell Lee,1
E609,Kyle Mcintosh,2
E610,Laura Hebert,1
E614,Amy Rivera,3
E615,Julie Sanchez,4
E616,Michael Smith MD,3
E617,David Perez,2
E619,Christopher Robinson,1
E622,Jordan Bray,2
E623,Seth Sutton,1
E624,Jacqueline Jones,3
E626,Ashley Cruz,2
E627,Joseph Hebert Jr.,2
E628,James Thompson,5
E629,David Bates,4
E632,Nicholas Phelps,2
E633,Shawn Bond,1
E634,Joshua Johns,2
E636,Christina Park,1
E637,Kyle Sanchez,1
E639,Mario Ballard,2
E640,Mark Walker,1
E641,Laura Lang,1
E642,David Wilson,1
E643,Veronica Baldwin,2
E646,John Montoya,1
E647,Dawn Thomas,3
E650,Eric Garrett,1
E653,Maria Hicks,3
E655,Gina Floyd,1
E656,Danielle Kennedy,1
E657,Ashley Hill,1
E659,Patricia Martin,2
E660,Donald Jordan,2
E661,Gina Ponce,1
E663,Jonathan Davis,1
E665,Lisa Edwards,1
E666,Joshua Miller,1
E667,Wendy Greer,2
E668,Pamela Black,1
E669,James Baldwin,1
E670,Jennifer Burton,2
E672,Mark Robbins,2
E673,Samuel Lee,1
E675,Amy Rivas,2
E676,Lauren Francis,2
E677,Taylor Gibson,1
E678,Veronica Morris,2
E679,Alexis Cruz,1
E682,Cathy Delgado,1
E684,Paula Chavez,1
E685,Lauren Stanley,1
E686,Natalie Neal,1
E687,Richard Davis,5
E688,Emily Zuniga,1
E689,Michael Cooper,2
E690,Keith Davis DDS,1
E691,Ricardo Curry,1
E693,Ray Lewis,1
E694,Timothy Robles,2
E695,Ashley Johnson MD,1
E696,Gregory Smith,3
E697,Tamara Rush,1
E699,John Beck,3
E700,Christopher Fox,3
E701,Frederick Davis,2
E703,James Wood,3
E706,Michelle Rodriguez,1
E707,Richard Pearson,1
E708,Cody Luna,1
E710,Mary Lambert,3
E711,Craig Sullivan,1
E712,Carrie Torres,3
E714,Ryan Martinez,1
E716,Stephen Cain,1
E717,Zachary Brown,4
E718,Erin Hernandez,1
E719,Danielle Miller,1
E720,Amy Nguyen,2
E721,Carol Miller,2
E722,Brandon Valdez,3
E723,Jon Bowman,2
E724,Mark Roberts,2
E726,Louis Peterson,1
E727,Michelle Lane,2
E728,Aaron Harvey,2
E729,Marissa Chan,1
E732,Dalton Gilmore,2
E733,Lisa Vargas,1
E736,Tanya Sosa,3
E738,Henry Jordan,2
E740,Michelle Edwards,1
E741,Daniel Frost,1
E742,Melvin Williams,1
E743,Michael Tran,1
E746,Jeremy Wood PhD,3
E747,Kelly Meza,1
E752,Melanie Garrett,1
E755,Cody Roberts,2
E756,James Roach,1
E757,Emily Hahn,1
E758,Sarah Johnston,1
E760,Frank Johnson,1
E761,Lori Campbell,2
E764,Christopher Roberts,1
E766,Taylor Wolf,1
E767,Jacob Zimmerman,2
E768,Nicholas Crawford,1
E769,Kimberly Martin,1
E770,Corey Adkins,1
E771,Sarah Ramirez,2
E773,Michael Santos,1
E775,Daniel Hicks,2
E778,Lisa Holt,3
E779,Paul Ayers,2
E780,Robert Nelson,3
E782,Miranda Kramer,1
E783,Kimberly Berger,2
E784,Jason Brooks,2
E785,Jennifer Morales,1
E786,Shannon Baker,2
E787,Paul Myers,3
E788,Jonathan Freeman,3
E790,Shannon Mccoy,2
E791,Billy Manning,1
E792,Matthew Greer,1
E793,Stephanie Hobbs,1
E794,Shawn Hernandez,2
E795,Carl Smith,1
E796,Jessica Baker,3
E797,Melinda Terry,1
E799,Patrick Rhodes,3
E800,Melissa Stanton,3
E803,Lindsay Smith,1
E804,Micheal Armstrong,1
E805,Christopher Bullock,1
E807,Matthew Stanton,1
E810,Stephanie Garcia,1
E812,Joseph Hunt,1
E813,Victor Collins,2
E814,Martha Fox,1
E815,Catherine Ferguson,2
E817,Taylor Garrett,1
E819,James Roth,1
E820,Mrs. Brandi Barker,2
E821,Laura Roberts,1
E822,Makayla Paul,1
E823,Annette Shaw,1
E824,Mr. Terry Alvarado,1
E825,Rebecca Bentley,3
E826,Tracey Mccoy,3
E827,Alexis Johnson,2
E829,Logan Saunders,1
E830,Jeffery Harris,4
E831,Richard Schwartz,3
E835,Timothy Delacruz,3
E836,Robert Allen,1
E837,Christina Miller,2
E839,Cheyenne Parker,1
E840,Dustin Morgan,2
E841,Alexandria Clark,2
E844,Jennifer Clayton,2
E845,John Skinner,2
E846,William Hoover,1
E847,Kristin Lambert,1
E848,Lindsay Keller,1
E849,Lynn Campos,2
E850,Caleb Hunter,1
E852,Alejandro Wood,1
E853,Elizabeth Smith,1
E854,Jeffrey Day,1
E855,Thomas Walsh,3
E856,Richard Thompson,1
E858,Karen Bell,3
E859,Mary Zuniga,1
E860,Katie Bean,2
E861,Kristin Elliott,2
E862,Michelle Hampton,1
E863,Glenn Jimenez,2
E864,Nicholas Thompson,1
E867,Tristan Rivera,3
E868,Melinda Malone,1
E869,Elizabeth Chaney,2
E871,Priscilla Hernandez,1
E872,Mike Malone,1
E873,Kevin Martinez,1
E874,Steven Bradshaw,1
E875,Anna Moore,2
E876,Sue Spencer,1
E877,Mrs. Anna Rhodes MD,1
E878,Tommy Brown,4
E879,Jeff Jones,3
E880,Joseph Shaffer,2
E881,Daniel Scott,1
E882,Susan Hooper,2
E883,Melanie Haynes,1
E886,Earl Hobbs,3
E887,Jennifer Burton,1
E888,Amanda Miller,3
E889,Mrs. Pamela Henry,2
E890,Chad Alvarado,2
E891,Michael Flynn,1
E892,Emily Goodwin,3
E893,Catherine Williams,1
E894,Michael Bell,2
E895,John Shaffer,1
E897,Barbara Ballard,1
E898,Ryan White,2
E899,Shawna Clark,2
E900,William Mendez,1
E901,Richard Moore,1
E902,Kimberly Deleon,1
E904,Adam Mitchell,3
E905,Emily Hernandez,2
E908,April Jenkins,2
E909,Kristen Suarez,3
E910,Todd Finley,1
E913,Jerry Wilson,2
E914,Jack Smith,3
E919,Austin Williams,3
E920,Michael Frey,1
E921,Felicia Bush,1
E922,Jacob Johnson,1
E923,Jamie Ali,1
E924,Thomas James,1
E925,Steven Walton,2
E926,Jonathan Morton,1
E927,Eric Webster,1
E933,Karen Carrillo,2
E935,Brian Wiley,1
E936,Joanna Kelley,3
E937,Diane Wood,1
E938,Hector Fernandez,2
E940,Jennifer Daniel,1
E941,Tiffany Rios,2
E943,Christina Brown,1
E944,Barry Spencer,2
E946,Catherine Collins,1
E948,Samuel George,1
E949,Bobby Bates,3
E951,Michael Silva,1
E952,Amanda Barrera,1
E953,Lisa Curtis,1
E954,Sherri Collier,1
E955,Jeremy Martin,1
E956,Jeffrey Little,1
E957,Alexis Harper,1
E958,Carla Martin,5
E960,Sharon Miller,1
E961,Judith Chavez,1
E962,Tina Bowen,1
E965,Ryan Allen,1
E966,Derrick Young,1
E967,Emily Lane,3
E968,Melissa Bishop,1
E969,Victoria Lynch,1
E970,Billy Young,1
E971,Aaron Castillo,2
E973,Donald Sullivan,3
E975,Colleen Hall,4
E977,Amy Perez,2
E978,Julie Conway,1
E980,Laura Allen,1
E982,Linda Kim,1
E983,Billy Williams,2
E984,Mark Brown,1
E985,Stephanie Byrd,1
E986,Claudia Farmer,1
E987,David Hamilton,4
E989,Robert Dunn,1
E990,Justin Mays,1
E992,Cynthia Morrison,2
E993,Katie Costa,1
E994,Colleen Shea,2
E995,Cassandra Morris,4
E996,Mark Ramsey,1
E998,Stacie Mcintyre,2
E999,Michael Sanchez,1
