emp_id,emp_name,manager_rating
E3215,Michael Moore,4
E3576,Courtney Padilla,4
E3887,Michael Harrison,5
E943,Christina Brown,4
E3724,Charles Green,5
E4399,Heather Gordon,4
E3884,Scott Powers,4
E937,Diane Wood,5
E2706,Kathryn Johnson,4
E3106,Erica Griffin,4
E2955,Kelli Allen,5
E4931,Cheryl Castillo,4
E3680,Michelle Barrett,5
E3999,John Mitchell,4
E2469,Kenneth Gill,4
E3261,Anna Lindsey,4
E275,Nicholas Jones,4
E2774,Gregory Hutchinson,4
E904,Adam Mitchell,4
E2110,Robert Price,5
E2345,Tammy Cooper,5
E1926,Lisa Singh,5
E776,Roberta Perez,4
E588,Tammy Lane,4
E3607,Jill Williamson,5
E4164,Raymond Ray,4
E1605,Bradley Smith,4
E1367,Adam Bennett,5
E1133,Francisco Harris,5
E3449,Christine Gonzales,4
E2945,Rebecca Shaffer,4
E287,Terry Moore,4
E2309,Samantha Andrews,4
E861,Kristin Elliott,5
E1090,Cynthia Garcia,5
E3890,David Rodriguez,5
E4235,Melissa Velez,4
E3625,Erika Mills,4
E4490,Taylor Ruiz,4
E2720,James Sims,4
E3912,Thomas Page,4
E2828,Melissa Stone,5
E4392,Jeff Brewer,4
E1883,Jeremy Bishop DVM,4
E231,Jason Clark,5
E4625,Thomas Wilson,4
E725,Amanda Zavala,5
E4075,Danielle Bauer,5
E607,Mitchell Lee,4
E097,Brent Phillips,5
E3835,Bradley Avila,4
E1598,Joseph Meyer,4
E2115,Steven Morgan,4
E1091,Patricia Ferguson,5
E1425,Robert Schaefer,5
E374,Kevin Bennett,5
E2846,Amanda Smith,5
E3922,Debra Hayes,4
E392,Patricia Morrison,5
E1461,Christopher Smith,5
E1549,Stacie Turner,5
E004,Angela Delacruz,5
E4590,Rebekah Foster,5
E3544,Brittany Holland,5
E1039,Laura Blackwell,4
E4442,Robert Herrera,5
E525,Mario Adams,5
E489,Jason White,4
E3847,Melissa Smith,4
E1844,Stephen Coleman,4
E4925,Jessica Lawson,4
E3288,Stephen Guzman,4
E3161,Phillip Payne,4
E1333,Kevin Chapman,5
E2943,Amanda Duran,4
E1237,Jonathan Keith,5
E3846,Peter Cruz,5
E517,Elizabeth Young,4
E4930,Melissa Brown,5
E2476,Gina Moore,4
E3172,Savannah Ramirez,4
E2669,Danielle Morris,4
E3731,Diane Lloyd DVM,5
E4375,Terry Murray,4
E3659,Jason Hawkins,4
E3240,Lori Collins,4
E2687,Kathleen Garcia,4
E1548,Cheryl Miller,4
E3643,Heather Flores,5
E2190,Timothy Mata,4
E4346,Cynthia Moore,5
E378,Sarah Henderson,5
E2361,Catherine Castro,4
E4046,Jason Kennedy,5
E3524,Timothy Brennan,5
E497,Troy Gonzalez,4
E3965,Heather Dennis,5
E1021,Joseph Hendricks,4
E1045,Cathy Dunn,5
E4644,Jenna Osborne,4
E2081,Devin Weaver,5
E1813,April Vega,5
E3235,Debra Allen,5
E1197,Aimee Murray,5
E867,Tristan Rivera,5
E2781,James Christensen,5
E3651,Destiny Patterson,5
E615,Julie Sanchez,5
E1011,Joel Patrick,5
E149,Whitney Brown,4
E165,Samantha Choi,4
E060,Daniel Richards,4
E549,Alvin Sanchez DDS,5
E022,Benjamin Johnston,5
E4397,Yvonne Martinez,5
E2858,Brandon Mann,5
E885,Dr. Elizabeth Jones,5
E2011,William Guerrero,4
E4465,Christopher Moody,5
E3067,Kevin Ellison,4
E1576,Andrew Hayden,5
E1606,Marcus Richard,4
E923,Jamie Ali,4
E347,Sarah Lee,5
E3796,George Gomez,5
E1060,Edward Brown,5
E1705,Diana Lopez,5
E3237,Mr. Marc Aguilar II,4
E4772,Ricky Newman,5
E3611,Laurie Martin,4
E2868,Michael Wilkerson,5
E4598,Nicole Ayala,4
E4960,Cody Johnson,5
E4211,Ruth Robertson,5
E3934,Ashley Donovan,5
E3706,Steven Smith,4
E3438,Sharon Morris,5
E1524,Jesus Kent,5
E653,Maria Hicks,5
E3154,Courtney Baxter,4
E128,Michael Garcia,4
E3157,Joe Lopez,4
E533,Jacob Farmer,5
E1388,Melissa Simpson,4
E2771,Danielle Wright,4
E2255,Douglas Barnes,5
E2070,Shannon Rogers,5
E3194,Matthew Nguyen,5
E402,Denise White,5
E722,Brandon Valdez,4
E209,Samantha Hall,5
E1017,Amy Bennett,4
E2456,Anthony Mueller,5
E1903,Joan Griffin,4
E2899,Danielle Elliott,4
E3391,Hailey Davis,5
E2024,Jacob Cole,5
E4753,Amy Moreno,5
E4029,Sara Johnson,4
E3175,Jennifer Hart,4
E1002,Rebecca Acosta,4
E1971,Amy Curry,4
E034,Larry Chen,4
E1296,James Martinez,4
E1163,William King,5
E2495,Jose Vasquez,5
E2233,Christopher Collins,5
E4312,Stanley Collins DDS,4
E4561,Jeffery Douglas,5
E785,Jennifer Morales,5
E843,Mrs. Chelsea Jones,5
E1502,Jennifer Miller,5
E3885,Mark Gibbs,4
E4562,Russell Bell,4
E4599,Marisa Allen,5
E2850,Susan Evans,5
E3320,Jacob Fuller,5
E1375,Robert Jackson,4
E050,Kathryn Dunn,5
E4796,Dylan Peterson,5
E4464,Erin Taylor,4
E282,Andrea Cervantes,4
E2545,Stephanie Bennett,4
E3424,Matthew Walker,5
E4135,Mrs. Natalie Harris,5
E3036,Brenda Dean,4
E3502,Brooke Ray,5
E2503,Dustin Spence,5
E3606,Dan Martin,4
E2466,Alexandria Beck,4
E4553,Olivia Woods,5
E1784,Jackie Reed,4
E3297,Richard Martinez,5
E1359,Crystal Berry,5
E052,Adam Black,5
E1213,Tiffany Kerr,5
E2281,Erik Knight,5
E1358,Allison Salazar,4
E027,Jesus Davies,4
E4685,Andrea Byrd,5
E1911,Cameron Jensen,5
E1487,Timothy Scott,4
E4217,Angela Long,4
E4219,Kristen Moyer,4
E3601,Aaron Miller,4
E3962,Shannon Kent,5
E950,Rachel Bailey,4
E261,Kylie Moran,5
E500,Sheri Black,4
E1682,Sean Castillo,4
E2410,Eric Harmon,4
E1354,Paul Barron,5
E2688,Douglas Freeman,4
E4367,Dennis Le,5
E3231,Samantha Smith,5
E656,Danielle Kennedy,5
E1551,Michael Hayes,5
E3136,Mr. Corey Tanner,4
E2638,Angela Martinez,4
E2920,Jennifer Dunlap,4
E2238,Sarah Peterson DVM,5
E2749,Amy Copeland,4
E3405,William Strickland,4
E1224,Christopher Joseph,5
E3348,Victoria Walker,5
E682,Cathy Delgado,5
E3212,Ronald Bailey,4
E1690,Bruce Wright,5
E257,Patricia Fowler,4
E1849,Michael Strickland,5
E4817,David Fisher,5
E2228,Ruben Washington,4
E4343,Mary Clark,4
E4033,Michael Williams,5
E4057,Lacey Lynch,4
E1831,Michael Nelson,5
E1999,Daniel Scott,4
E3094,Christopher Lee,5
E397,Lisa Peters,5
E3442,Leslie Johnson,4
E1179,Debbie Hammond,4
E1681,Christopher Garrett,5
E2231,Christina Vaughn,4
E3539,Joseph Castro,4
E2767,William Wells,4
E3947,Lindsey Vaughn,5
E882,Susan Hooper,5
E505,Sabrina Randall,4
E2976,Billy Horn,5
E959,Ethan Collins,4
E561,Holly Anderson,5
E2938,Jeffrey Smith,5
E2783,Mark Harris,4
E2223,Jacob Farmer,5
E1876,John Long,4
E3518,Edwin Summers,4
E2236,Andrew Mcdaniel,4
E1602,Mandy Molina,4
E812,Joseph Hunt,5
E1192,Casey Perez,4
E3869,Becky Collier,5
E3639,James Sherman,5
E3222,Carl Johnson,4
E4797,Kayla Strickland,4
E291,Thomas Austin,5
E3262,Jason Scott,5
E749,Ricardo Levine,5
E2442,Steven Ruiz,5
E598,Stephanie French,4
E1032,Reginald Mccullough,5
E1315,Jason Thompson,4
E3823,Kristine Ware,5
E3751,Mr. Robert Hughes,5
E1261,Julie Wallace,5
E3337,Vanessa Hunter,5
E414,Dominique Smith,5
E1547,Mary Hughes,5
E3568,Jessica Conway,4
E1645,Pamela David,5
E2815,Jason Escobar,5
E1526,Katherine Aguilar,5
E226,Lawrence Chapman,5
E4478,Michael Burton,5
E3503,Isaac Myers,4
E2521,Trevor Bell,5
E132,Paula Camacho,4
E1405,Janice Riley,4
E1440,Michael Lucas,5
E4834,Joann Russell MD,5
E4459,Bailey Barrett MD,4
E447,Craig Cuevas PhD,4
E3891,Melanie Lee,5
E3176,Jeanette Decker,5
E4190,Marissa Santos,4
E1592,Connie Mendez,4
E1504,Christina Jennings,5
E357,Charlotte Rodriguez,5
E2583,Jason Wise,5
E1857,Jose Smith,5
E1138,Barbara Travis,5
E676,Lauren Francis,5
E4751,Mark Davies,5
E2407,Michael Robinson,4
E3528,Holly Phillips,4
E2420,Jeremiah Smith,5
E3247,Deborah Lynch,5
E4134,Adam Holmes,5
E2454,Frank Lowery,4
E2166,Brittany Wright,5
E2948,Vanessa Watson,4
E507,Brandy Woods,4
E2613,Angela Cowan,4
E3075,Sylvia Cochran,4
E3084,Marcus Smith,5
E2351,Benjamin Rodriguez,4
E2460,Nicholas Gould,5
E4205,Rachael Ward,5
E2326,Nancy Harris,4
E619,Christopher Robinson,4
E1057,Alexandra Martin,4
E4225,Cory Perez,5
E3216,Christopher Garrett,4
E4246,Taylor Pena,4
E2929,Cody Donaldson,5
E1722,Kelsey Lewis,5
E4600,Linda George,4
E4090,Kimberly Adams,4
E2317,Brittany Smith,4
E3265,Jose Rivera,4
E436,Linda Mosley,5
E3490,Lacey Williams,4
E2670,Sarah Morgan,5
E2694,Randall Miller,5
E4987,Joshua Castillo,4
E4314,Edward Young,4
E553,Johnny Perez,4
E1396,Ronald Henderson,5
E3940,Michael Keith,5
E312,Stephanie Allison,4
E3860,Gregory Estes,4
E711,Craig Sullivan,4
E437,Christina Sanders,4
E1051,Ronald Wall,5
E4728,Jeffrey Peters,4
E3370,Abigail Kelley,5
E4743,Steven Smith,5
E028,Barry Johnson,4
E547,Michael Craig,4
E041,Beth Howell,4
E4875,Michelle Rice,5
E4228,John Long,4
E3924,Brett Jones,4
E3380,Caleb Collins,4
E2612,Rebecca Ho,5
E1710,Tonya Murphy,5
E2762,Riley Franklin,5
E534,Ronnie Phillips,4
E2935,Mark Thomas PhD,5
E3952,Frank Miller,5
E752,Melanie Garrett,5
E405,Mr. Jason Marshall,4
E1383,Mary Jones,5
E4389,Chad Bowman,4
E4806,Emily Compton,4
E3052,Timothy Young,5
E3921,Elizabeth Robinson,5
E629,David Bates,5
E1901,Laura Downs,4
E4112,Rachel Jones,5
E4341,Anthony Taylor,4
E1324,Andrea Johnson,4
E411,Nicole Johnson,5
E1830,Martin Davis,4
E3928,Whitney Bauer,4
E1494,Matthew Odonnell,4
E235,Edward Cook,4
E3254,Carol Osborne,5
E3307,Nicole Collier,5
E3898,Alan King,4
E2814,Paula Zamora,5
E889,Mrs. Pamela Henry,4
E3708,Bethany Garrett,4
E3004,Nichole Taylor,5
E4626,Bradley Daugherty,5
E1409,Ashley Klein MD,5
E3598,Kelly Jenkins,5
E4499,Scott Luna,5
E2083,Jessica Daniels,5
E2970,Travis Hudson,4
E467,Brooke Griffin,4
E2789,Mr. Scott Glover,5
E726,Louis Peterson,5
E3541,Blake Lane,5
E4604,Rodney Aguirre,5
E527,George Weber,4
E3264,John Vargas,4
E2034,Rhonda Miller,4
E4133,Melissa Smith,5
E1164,Ralph Dean,5
E1165,Ryan Smith,5
E4413,Nancy Stone,4
E712,Carrie Torres,4
E2963,Fernando Joyce,4
E794,Shawn Hernandez,5
E1236,Robert Valdez,4
E1963,Mr. Jonathan Green,4
E1369,Jennifer Brooks,4
E790,Shannon Mccoy,4
E2338,Xavier Lutz,4
E2398,Justin Ross,5
E767,Jacob Zimmerman,4
E1780,Jason Rodriguez,4
E4106,Vanessa Cooper,5
E2957,Julie Marshall,4
E1029,Anthony Pace,4
E4403,Bryan Gonzalez,5
E4684,Caitlin Sanchez DDS,4
E2770,James Benitez,4
E3780,Michael Harris,4
E739,Joshua Shaffer,4
E3589,Donna Mendez,4
E2891,Paul Hansen,5
E4439,Sarah Walter,4
E2674,Cameron Hunt,5
E075,Stephen Glass,5
E1822,Sonia Lopez,5
E3001,Larry Roth,5
E2205,Stephen Colon,5
E1225,Daniel Castillo,5
E1837,Rodney Griffith,4
E4483,Jessica Barnes,4
E3866,Matthew Smith,4
E4653,Lawrence Delacruz,4
E4889,Alicia Wright,4
E4187,James Smith,5
E4638,Jennifer Roberts,5
E2609,Patrick Johnson,5
E4514,Katelyn Gallegos,4
E4821,Philip Romero,5
E2962,Adam Bailey,5
E881,Daniel Scott,4
E042,Joshua Davis,5
E2044,Renee Glass,4
E1939,Denise Hanson MD,4
E4524,Bryan Harris,4
E1392,Megan Nelson,4
E485,David Dixon,5
E3460,Nicole Scott,4
E2232,Joshua Henderson,4
E4156,Mike Zimmerman,5
E487,Sean Garcia,5
E1790,Matthew Kramer,4
E2608,Tom Lee,4
E3750,Jocelyn Allison,5
E4174,Paula King,5
E3669,Amber Hughes,5
E4892,Tonya Williams,5
E2331,Michelle Neal,4
E799,Patrick Rhodes,5
E3196,Dorothy Wolfe,4
E1100,Margaret Kennedy,4
E983,Billy Williams,5
E4809,Jill Patrick,4
E4660,Roy Wolf,4
E4026,Kevin Alexander,5
E903,Amanda Jackson,5
E931,Michelle Ramirez,4
E922,Jacob Johnson,4
E1286,Mark Griffin,5
E2928,Joshua Myers,5
E4934,Daniel Krause,4
E187,Jimmy Cantu,5
E1014,Steven Keith,4
E3946,Charles Ramos,4
E2801,Joshua Ross,4
E2357,Ricky Steele,5
E3959,Nicole Jackson,5
E002,Hannah Sanchez,4
E4640,Erica Schmidt,4
E1382,Joshua Burton,5
E191,Jeffrey Hampton,4
E1150,Matthew Donovan,5
E1687,Steven Taylor,4
E268,Heidi Rodriguez,5
E4233,Adam Jensen,5
E4359,Jimmy Smith,5
E4619,Laura Thomas,4
E1944,Lance Gomez,4
E3629,Diamond Myers,4
E2114,Linda Webb,4
E3554,Tanya Malone,4
E071,Jill Gonzalez,5
E2523,Dana Solomon,5
E1128,Sarah Snyder,5
E1824,Rachel Taylor,4
E2972,Timothy Lambert,5
E345,Luis Jones,4
E1704,Denise Burns,4
E4651,Terri Cole,4
E860,Katie Bean,5
E2990,Brian Harrison,5
E1335,Ashley Johnson,4
E3828,Leonard Stewart,5
E4771,Julie Taylor,4
E3702,Sean Lynn,5
E2636,Wyatt Morris,5
E4780,Danielle Dixon,5
E1015,Chelsea Nguyen,5
E4799,Valerie Hanson,4
E3768,Matthew Collins,4
E2312,Madison Burns,5
E1183,Patricia Jackson,4
E4989,Teresa Perry,4
E208,Donna Sullivan,4
E1484,Traci Hamilton,5
E3198,Jeffrey Martinez,5
E385,Marco Gonzalez,5
E3696,Denise Moore,5
E193,Austin Casey,5
E4324,Patrick Cruz,4
E1137,Deborah Simmons,5
E1251,Joseph Walker,5
E4609,Lori Smith,5
E2260,Carla Cooper,4
E4411,Melinda Carpenter,5
E3054,Marc Nguyen,4
E4504,Susan Peterson,5
E1394,James Watkins,5
E4301,Joanne Davenport,4
E206,Joshua Munoz,5
E1886,Jerry Trujillo,5
E3592,Joanne Armstrong,5
E127,Stephanie Brown,4
E1689,Emily Davis,4
E4983,Cole Myers,4
E445,Jasmine Williams,5
E4422,Kerry Brooks,4
E1818,Angela Nichols,4
E4408,Steven Fry,4
E2269,Bruce Gay,5
E1351,Amanda Quinn,5
E4143,Stephanie Harris,5
E155,Dana Clayton,5
E2117,Paul Stanton,4
E2685,Michelle Ward,4
E479,Crystal Sanchez,5
E1247,Megan Moore,4
E3560,Chelsea Curtis,4
E4594,Gina Ramirez,4
E010,Kelly Taylor,4
E3451,Stephanie Allen,4
E317,Carrie Holden,4
E4127,Cory Smith,5
E3367,John Odom,5
E4871,Corey Jones,5
E1519,Shirley Rogers,5
E4938,Aaron Anderson,5
E4382,Brandon Collier,4
E953,Lisa Curtis,4
E2171,Christopher Boyer,5
E3894,Terry Miller,5
E4667,Jessica King,4
E3452,Jeremy Myers,5
E559,Angela Meyer,4
E4345,Rebecca Evans,5
E1881,Monica Vang,5
E1262,Linda Bright,5
E4338,Zachary Phillips,4
E2125,Christina Ray,4
E3790,Randall Moore,4
E4103,Joshua Wu,5
E4042,Robin Scott,5
E546,Cynthia Thomas,4
E1075,Timothy Johnson,4
E695,Ashley Johnson MD,5
E3103,Amber Rodriguez,4
E624,Jacqueline Jones,5
E1479,Brandi Villarreal,5
E4520,Shane Jimenez DDS,4
E558,Amanda Green,4
E821,Laura Roberts,4
E2311,Amanda Day,4
E3950,Alexis Meyer,4
E249,Michael Gutierrez,5
E3565,Michael Smith,4
E2196,Evelyn Chang,5
E1508,Clifford Gill,5
E930,Alexandria Spencer,4
E3597,Nicholas Miller,5
E994,Colleen Shea,4
E1707,Kerri Ruiz,4
E4279,Bernard Johnson,4
E764,Christopher Roberts,5
E2062,Wesley Ramsey,4
E1428,John Jones,4
E1300,Kimberly Davis,4
E3127,John Saunders,4
E172,Jason Wade,5
E2432,Karen Wilson,5
E3945,Michael Clarke,4
E2902,Chad Norris,5
E1923,Janice Carroll,4
E4764,Jason Santiago,5
E1283,Danielle Pierce,5
E334,Christian Jackson,4
E3983,Jay Melton,4
E1516,James Johnson,5
E2056,Alicia Little,4
E2892,Holly Oliver,5
E3407,Emma Kelly,5
E4104,Christina Garcia,5
E833,Brandon Cruz,5
E2086,Beth Hernandez,5
E3679,Penny Clark,4
E131,Jason Villarreal,4
E3273,Jonathan Booker,5
E3043,Lisa Anderson,4
E3564,Catherine Brown,4
E352,Benjamin Alexander,4
E4571,Susan Burch,5
E2009,Heidi Larson,5
E4242,Cindy Olson,4
E596,Steven Hodges,4
E541,Ryan Bell,4
E2121,Michael Schmidt,4
E498,Michelle Randall,5
E3587,Cheyenne Powell,5
E4991,Melissa Ashley,5
E2672,Jessica Mills,5
E3588,Diamond Martin,4
E2284,Nicholas Bell,4
E635,Kimberly Cooper,5
E1921,Jacob Gomez,4
E2705,John Kim,4
E2568,Mark Cortez,4
E2686,Brianna Glover,4
E3328,Jennifer Barton,5
E2271,David Boone,4
E1531,Patricia Mason,4
E4805,Alexis Anderson,4
E4947,Peter Roberts,4
E1299,Alyssa Johnson,4
E2518,Sabrina Smith,5
E1534,Alyssa Foster,4
E4913,Lindsey Johnson,4
E1069,Dylan Bass,4
E1861,Carla Davis,4
E1226,Jacob Murphy,4
E1035,James Nguyen,5
E3806,Regina King,4
E1158,Mary Crawford,4
E2185,Heather Shaw,4
E4370,Julie Jefferson,4
E3992,Joseph Sharp,5
E769,Kimberly Martin,5
E4326,Michael Webb,4
E838,Ashley Hoffman,5
E2226,Miguel Silva,5
E2411,Tanya Wright,4
E1590,Troy Howard,4
E4157,Richard Smith,5
E2859,Hannah Davis,5
E4616,Stacy Leblanc,5
E1145,Stephanie Barron,4
E2402,Kent Carter Jr.,5
E2162,John Cruz,5
E218,Lisa Parker,5
E4024,Thomas Ortiz,5
E1541,Julie Foster MD,4
E4373,Christine Choi,5
E4426,David Larsen,4
E4155,Ryan Washington,4
E961,Judith Chavez,4
E763,John King,5
E1810,Tony Rubio,4
E4873,Connie Flores,4
E241,Pamela Simon,4
E1449,Heather Morris,5
E938,Hector Fernandez,5
E083,Joseph Ball,4
E3174,William West,4
E189,Dr. Alec Hernandez MD,5
E1120,Julie Skinner,5
E3801,Michael Thomas,4
E887,Jennifer Burton,5
E1025,Jeremy Hudson,5
E3387,Jesus Brooks,4
E4807,Leroy Reyes,4
E2905,Lisa Gonzales,4
E2986,Melissa Miller,5
E198,Paula Schmidt,5
E1040,Harold Duncan,4
E753,Heather Johnson,4
E2349,Melissa Schmidt,5
E3556,Cody Mccall,4
E333,Tiffany Peters,4
E341,Tricia Hicks,5
E2026,Richard Byrd,5
E905,Emily Hernandez,4
E3082,Tommy Flores,4
E065,Melissa Cooper,4
E1845,Tiffany Drake,4
E927,Eric Webster,5
E2934,Kimberly Hall,5
E2215,Jacqueline Edwards,4
E3044,David Stanley,5
E040,Grant Sharp,5
E3153,Daniel Lopez,4
E2279,Warren Velasquez,4
E3314,Nicole Mcfarland,4
E1041,Michael Hatfield,5
E955,Jeremy Martin,5
E1123,James Washington,5
E644,Sandy Tucker,4
E852,Alejandro Wood,4
E4244,Charles Aguilar,4
E123,Jerome Salas,4
E3812,Ryan Roberson,5
E1462,James Owens,5
E1692,Emily Boone,5
E3717,Eric Villegas,5
E4673,Leslie Russo,4
E1855,Pamela Salazar,4
E4793,Andrea Navarro,4
E4573,Michael Lewis MD,5
E687,Richard Davis,4
E1244,Michelle Harrison,4
E2773,Amy Anderson,5
E1727,Heather Long,5
E4384,Gary Russell,4
E4031,Tracey Dodson,5
E934,Nathan Vazquez,5
E3675,Amy Smith,4
E4545,Jean Stuart,4
E4066,Kimberly Montgomery,5
E3374,Emily Stewart,4
E3060,Stephanie Newton,4
E1733,Nicole Fitzgerald,5
E3149,Sylvia David,5
E1914,Ralph Gutierrez,4
E3511,Christine Rodriguez,5
E543,Mrs. Vanessa Robertson,4
E2191,Steven Hernandez,5
E4447,Maria Lopez,5
E2663,Sheryl Graves,4
E067,Debra Pena,4
E033,Jason Stein,4
E3989,Ryan Cole,5
E3021,Sarah Hicks,4
E3580,Bryan Simon,5
E3982,Rebecca Taylor,4
E1933,Tonya Wilkinson,5
E1898,Belinda Johnson,5
E1030,Jacqueline Jones,5
E3821,Jeffrey Fischer,4
E2138,Nicholas Jackson,4
E4575,Anthony Allen,4
E2656,Karen Cooley,4
E2764,Benjamin Ross,5
E3400,Jennifer Ruiz,5
E3681,Maria Solomon,4
E290,Daryl Braun,5
E2109,John Estrada,4
E3870,Roger Diaz,4
E4631,William Wong,5
E2878,Megan May,4
E919,Austin Williams,4
E3429,Gavin Wright,5
E2974,Anna Williams,4
E1651,Matthew Jackson,4
E4082,Candice Smith,5
E4827,Jessica Miller,5
E1061,Mrs. Michelle Dean MD,4
E2728,Donna Holden,4
E2441,Kenneth Shields,5
E1595,Nathan Ball,5
E2194,Belinda May,5
E992,Cynthia Morrison,5
E077,Eric Duncan,5
E3532,Debra Howard,4
E2001,Mitchell May,5
E1773,Robert Dominguez,4
E1978,Phyllis Hester,5
E3047,Amy Campbell,5
E4050,Christopher Alvarez,5
E3256,Rachel Edwards,4
E3691,Nathan Levine,4
E1175,Sarah Moon,5
E2808,Tara Brown,5
E2666,Maria Evans,4
E1740,Kristin Douglas,5
E2662,Michelle Ortiz,5
E1004,Rebecca Gomez,5
E3874,Scott Berger,5
E1941,Matthew Rodriguez,4
E4385,Dennis Greene,4
E4852,William Collins,5
E3883,Kyle Holloway,5
E966,Derrick Young,4
E087,Sara Price,4
E3113,Austin Jones,5
E036,Andrea Johnson,4
E153,Luis Wilson,4
E542,Stephanie Martin,5
E3477,Roger Lang,5
E1580,Trevor Hill,5
E5000,Charles Livingston,4
E3046,Timothy Pollard,5
E4281,Matthew Fox,4
E4435,Jim Robinson,4
E1129,Rebecca Schultz,4
E2849,Jennifer Burke,4
E2108,Michael Thompson,4
E4986,Keith Morris,4
E4969,Chelsea Reeves,5
E280,Jessica Bailey,5
E3797,Derrick Alexander,4
E1960,Robert Brown PhD,4
E1391,Megan Bell,4
E1321,Andrew Robertson,5
E3357,Leah Russell,4
E3906,Mary Lee,5
E4706,Marc Hess,5
E3077,Tiffany Baker,4
E2332,Richard Rice,5
E2030,Michael Rogers,5
E2910,Sarah Hall,4
E2343,Stacy Shepard,5
E2508,Susan Bell,5
E3304,Danielle Conley,5
E2555,Erika Jordan,5
E469,Brian Jones,4
E3776,Sarah Freeman,4
E4543,Susan Case,5
E2464,Mark White,4
E016,Adam Mccoy,4
E1095,Lori Williams,5
E4140,Alexis Campbell,5
E2716,Steven Herrera,4
E568,Kelly Williams,4
E4923,Douglas Kelly,4
E2423,Brian Hogan,5
E3938,Angela Perez,4
E4933,Amanda Montgomery,4
E4360,Kevin Edwards,4
E3121,Brenda Mcdaniel,5
E2063,Joel Evans,5
E024,Ryan Mullins,5
E951,Michael Silva,5
E3517,Christopher Ortiz,4
E845,John Skinner,5
E2942,James Mcfarland,5
E694,Timothy Robles,4
E099,Jeff Smith,4
E2493,Brenda Howard,5
E2074,James Wilson,5
E513,Keith Campbell,5
E3377,Carrie Brown,4
E2596,Mary Obrien,5
E2095,Brian Holden,4
E175,Travis Cain,4
E3563,Beth Brown,5
E3649,Keith Wheeler,4
E3413,Danielle Davis,5
E1199,Taylor Smith,5
E3871,Alisha Jarvis,5
E612,Veronica Arellano,5
E3115,Peter Swanson,4
E2178,Nathaniel Carter,5
E1410,David Morales,5
E430,Paul Wood,4
E2634,Kathryn Thomas,5
E4976,Monica Garcia,5
E537,Jennifer Jones,5
E2906,Nicholas Lyons,5
E2588,Elizabeth Brown,4
E2183,Tammy Owen,4
E1789,Sara Ruiz,4
E4714,Rachel Jones,4
E968,Melissa Bishop,4
E4040,Linda Jones,5
E2554,Felicia Webb,5
E4982,Robert Green,5
E2202,Michael Kline,4
E3911,Morgan Valenzuela,4
E1751,Johnathan Moran,5
E2322,Crystal Kent,5
E4831,Andrew Browning,5
E4044,Russell Griffin,4
E1735,Stephanie Gonzalez,4
E3290,Michelle Romero,5
E399,Kristin Edwards,4
E2709,Lisa Duncan,4
E2875,Kathleen Martinez,5
E3386,Eric Adams,4
E1093,Catherine White,4
E3631,Sheri Brown,4
E1693,Mrs. Cheyenne Henderson DVM,5
E1497,Daniel Vega,4
E2274,Charles Henderson,4
E1826,Felicia Cruz,5
E2498,Kendra Sanchez,4
E355,Michael Mann,4
E2837,Haley King,4
E2494,Elizabeth Washington,4
E4295,Kathleen Rogers MD,5
E3270,Robert Evans,4
E2675,Douglas Park,5
E122,Darrell Ray,5
E842,Christopher Scott,4
E879,Jeff Jones,5
E2412,Jennifer Wilson,5
E203,Lisa Marshall,5
E571,Richard Norris,4
E960,Sharon Miller,4
E4896,Ronald Collins,5
E1350,Craig Ruiz,4
E4622,Amanda Smith,5
E3141,Tara Moyer,4
E1752,Kyle Fisher,4
E1222,Jennifer Glass DDS,5
E2252,Natalie Morrison,4
E2244,Christopher Sanchez,5
E328,Andrew Jimenez,5
E3487,Melissa Lee,5
E3641,Daniel Rose,4
E1115,Michael Preston,4
E1161,Scott Ortiz,4
E3506,Carlos Robinson,5
E2387,Brandy Williams,5
E4610,Matthew Adkins,5
E4775,Melanie Wheeler,5
E4264,Kristin Walker,4
E2310,Amanda Powell,5
E3050,Deanna Salazar,5
E4262,Jamie Smith,5
E1869,Rachel Miller,4
E1943,James Stewart,4
E784,Jason Brooks,4
E376,Austin Thompson,5
E4512,David Price,5
E4946,Nicole Hudson,5
E630,Sarah Beltran,4
E3600,Tammy Smith,5
E4356,Isaac Williams,5
E3986,Nicholas Fields,4
E4687,Lynn Collins,5
E688,Emily Zuniga,4
E1583,Jason Cox,5
E4858,Erin Smith,5
E562,Thomas Hurley,5
E1715,James Jones,5
E2874,Kathy Hopkins,5
E3807,Jason Patterson,5
E1501,Jennifer Gomez,5
E3833,Kelsey Stevens,4
E2747,Priscilla Miller,5
E706,Michelle Rodriguez,5
E3481,Richard Chandler,4
E2813,Jennifer Ward,4
E3300,William Riddle,4
E1938,David Palmer,4
E3098,Brian Davis,5
E2581,Jennifer Crawford,5
E782,Miranda Kramer,4
E2487,Patricia Schmidt,4
E3114,Michelle Castillo,5
E2358,Adam Reynolds,5
E3995,Debbie Vazquez,5
E1799,Elizabeth Fuller,5
E4292,Chelsea Smith,4
E4077,Angela Weiss,4
E1786,Gabriel Wade,4
E367,Andrea Lee,4
E671,Emily Brown,5
E715,Lynn Melton,4
E1712,Martha Wilkinson,5
E2051,Alexander Nash,4
E1259,Mckenzie Reyes,4
E3073,Jennifer Lozano,4
E1431,Steven Davis,5
E2795,Jennifer Barry,5
E426,Julie Phillips,5
E2379,Jason Levy,5
E3531,Rebecca Hooper,4
E793,Stephanie Hobbs,5
E4151,Colleen Flowers,4
E2275,Abigail Jones,5
E4513,Cesar Ellis,4
E2794,Steven Gonzalez,5
E2732,Krista Hernandez,4
E658,Susan Graham,4
E2888,Carol Martinez,4
E4613,Christopher Kim,5
E3709,Antonio Lucas,5
E1907,Logan Montgomery,4
E736,Tanya Sosa,5
E2040,Timothy Bowers,4
E2944,Ronnie Wilson,4
E2360,Sean Walsh,4
E871,Priscilla Hernandez,4
E2457,Dana Fowler,4
E1448,Travis Patel,4
E3746,Chris Turner,5
E1513,Dawn Brown,5
E4222,Rodney Smith,4
E573,Stephanie Stevenson,5
E2787,Karen Macdonald,5
E907,Jennifer Erickson,4
E2856,Susan Wright,4
E3948,Patricia Walter,5
E4285,Glenda Bennett,5
E2680,Allen Brooks,4
E2486,David Aguirre,4
E2093,Isabella Lawson,4
E2618,Anthony Mcgrath,5
E3710,John Barnett,4
E2179,Shelby Mccall,4
E3505,Mrs. Elizabeth Lowery DDS,5
E4897,Daniel Mendez,4
E401,Frederick Brewer,4
E4670,Rebekah Goodwin,4
E2861,Carolyn Johnson,5
E049,Michael Diaz,5
E3312,Jeremy Wallace,5
E4260,Gilbert Gutierrez,4
E4364,Megan Hunt,4
E4241,Roger Lynch,4
E3343,Michelle Davis,5
E1617,Benjamin Galloway,4
E1012,Autumn Pearson,5
E650,Eric Garrett,4
E2065,Matthew Thomas,4
E3063,John Allen,5
E945,Kyle Taylor,4
E1893,Timothy Thompson,4
E1447,Nicole Vega,5
E2598,Patricia Soto,4
E4756,Amy Brown,5
E4632,Matthew Gilbert,4
E3877,Betty Ellison,5
E1107,Walter Griffin,5
E4371,Tammie West,5
E995,Cassandra Morris,4
E901,Richard Moore,4
E4339,Victor Griffin,4
E1968,Tammy Berry,5
E4516,Summer Kidd,4
E2842,Wanda Walsh,5
E321,Aaron Santos,4
E1635,William Frost,5
E2551,Charles Monroe,4
E4216,Barry Conner,5
E916,Angela Young,4
E4723,Cindy Kidd,4
E3415,Phillip Cooper,5
E3693,Amanda Thompson,5
E173,Brandon Jordan,5
E2374,Brian Chapman,4
E1666,Mariah Baker,4
E4320,George Ramirez,5
E2745,Laura Carter MD,4
E898,Ryan White,4
E3993,Andrew Morgan,4
E2959,Angie Davis MD,4
E2740,Christine Roberts,5
E2301,Leroy Benton,4
E2013,Sarah Owens,4
E3817,Travis Delgado,5
E795,Carl Smith,5
E1491,Julie Larson,4
E398,Mrs. Rebecca Whitney,4
E3725,Michelle Smith,4
E1302,Alan James,4
E4824,David Williams,5
E008,Nicholas Miller,5
E1117,Katelyn Austin,4
E4972,Penny Adkins,5
E1626,Michael Stokes,5
E4997,Robert Shelton,4
E862,Michelle Hampton,5
E2047,Theresa Martinez,5
E4402,Jeffrey Smith,5
E1953,Jamie Shields,5
E286,George Fry MD,5
E308,James Morgan,4
E2198,Michelle Campos,5
E2234,Sandra Paul,4
E4224,Kimberly Thompson,4
E1865,Dennis Erickson,4
E4495,Rebecca Lopez,5
E1443,Michelle Orozco,5
E3278,Debra Goodwin,4
E2559,Tamara Rowe,5
E2085,Sharon Hayes,4
E3566,Michael Collins,5
E3202,Danielle Gutierrez,5
E1044,Daniel Delacruz,4
E4146,Nicole Powell,4
E1439,Samuel Sellers,5
E1624,Natasha Burns,5
E910,Todd Finley,4
E2180,Crystal Morgan,4
E1820,Laura Marshall,4
E1419,Robert Gray,4
E1728,Christina Spencer,4
E3122,Samantha Mendez,4
E981,Dr. Amy Rhodes,5
E4163,Steven Crawford,4
E3101,Michael Whitehead,5
E4534,Amy Walter,4
E4200,Christopher Wolfe DDS,5
E3299,Steven Phelps,5
E1753,Sharon Roberson,4
E4015,Carmen Woods,4
E2204,Joshua Bush,5
E1048,Jamie Blanchard,5
E1894,Dakota Briggs,4
E494,Monica Harris,4
E1083,Pamela Scott,4
E989,Robert Dunn,4
E1121,Dawn Fischer,5
E4474,Jasmine Wilson,5
E1329,Daniel Williams,5
E4783,Kenneth Strong,4
E4203,Jessica Carr,4
